Time,FV
1,89
2,89
3,89
4,89
5,89
6,89
7,89
8,89
9,89
10,89
11,89
12,89
13,89
14,89
15,89
16,89
17,89
18,89
19,89
20,89
21,89
22,89
23,89
24,89
25,89
26,89
27,89
28,89
29,89
30,89
31,89
32,89
33,89
34,89
35,89
36,89
37,89
38,89
39,89
40,89
41,89
42,89
43,89
44,89
45,89
46,89
47,87.7
48,87.7
49,87.7
50,87.7
51,87.7
52,87.7
53,87.7
54,87.7
55,87.7
56,87.7
57,87.7
58,87.7
59,87.7
60,87.7
61,87.7
62,87.7
63,87.7
64,87.7
65,87.7
66,87.7
67,87.7
68,87.7
69,87.7
70,87.7
71,87.7
72,87.7
73,87.7
74,87.7
75,87.7
76,87.7
77,87.7
78,87.7
79,87.7
80,83.5
81,83.5
82,83.5
83,83.5
84,83.5
85,83.5
86,83.5
87,83.5
88,83.5
89,83.5
90,83.5
91,83.5
92,83.5
93,83.5
94,83.5
95,83.5
96,83.5
97,83.5
98,83.5
99,83.5
100,83.5
101,83.5
102,83.5
103,83.5
104,83.5
105,83.5
106,83.5
107,83.5
108,83.5
109,83.5
110,83.5
111,83.5
112,83.5
113,83.5
114,83.5
115,83.5
116,83.6
117,83.6
118,83.6
119,83.6
120,83.6
121,83.6
122,83.6
123,83.6
124,83.6
125,83.6
126,83.6
127,83.6
128,83.6
129,83.6
130,83.6
131,83.6
132,83.6
133,83.6
134,83.6
135,83.6
136,83.6
137,83.6
138,83.6
139,83.6
140,83.6
141,83.6
142,83.6
143,83.6
144,83.6
145,83.6
146,83.6
147,83.6
148,83.6
149,83.6
150,83.6
151,82
152,82
153,82
154,82
155,82
156,82
157,82
158,82
159,82
160,82
161,81.8
162,81.8
163,81.8
164,81.8
165,81.8
166,81.8
167,81.8
168,81.8
169,81.8
170,81.8
171,81.8
172,81.8
173,81.8
174,81.8
175,81.8
176,81.8
177,81.8
178,81.8
179,81.8
180,81.8
181,81.8
182,81.8
183,81.8
184,81.8
185,81.8
186,81.8
187,81.8
188,81.8
189,81.8
190,81.8
191,81.8
192,81.8
193,81.8
194,81.8
195,81.8
196,81.8
197,81.8
198,78.4
199,78.4
200,78.4
201,78.4
202,78.4
203,78.4
204,78.4
205,78.4
206,78.4
207,78.4
208,78.4
209,78.4
210,78.4
211,78.4
212,78.4
213,78.4
214,78.4
215,78.4
216,78.4
217,78.4
218,78.4
219,78.4
220,78.4
221,78.4
222,78.4
223,78.4
224,78.4
225,78.4
226,78.4
227,78.4
228,78.4
229,74.9
230,74.9
231,74.9
232,74.9
233,74.9
234,74.9
235,74.9
236,74.9
237,74.9
238,74.9
239,74.9
240,74.9
241,74.9
242,74.9
243,74.9
244,74.9
245,74.9
246,74.9
247,74.9
248,74.9
249,74.9
250,74.9
251,74.9
252,74.9
253,74.9
254,74.9
255,74.9
256,74.9
257,74.9
258,76.2
259,76.2
260,76.2
261,76.2
262,76.2
263,76.2
264,76.2
265,76.2
266,76.2
267,76.2
268,76.2
269,76.2
270,76.2
271,76.2
272,76.2
273,76.2
274,76.2
275,76.2
276,76.2
277,76.2
278,76.2
279,76.2
280,76.2
281,76.2
282,76.2
283,76.2
284,72.6
285,72.6
286,72.6
287,72.6
288,72.6
289,72.6
290,72.6
291,72.6
292,72.6
293,72.6
294,72.6
295,71
296,71
297,71
298,71
299,71
300,71
301,71
302,71
303,71
304,71
305,71
306,71
307,71
308,71
309,71
310,71
311,71
312,71
313,71
314,71
315,71
316,71
317,71
318,71
319,71
320,71
321,71
322,71
323,71
324,71
325,71
326,71
327,70.2
328,70.2
329,70.2
330,70.2
331,70.2
332,70.2
333,70.2
334,70.2
335,70.2
336,70.2
337,70.2
338,70.2
339,70.2
340,70.2
341,70.2
342,70.2
343,70.2
344,70.2
345,70.2
346,70.2
347,70.2
348,70.2
349,70.2
350,70.2
351,70.2
352,70.2
353,70.2
354,70.2
355,70.2
356,70.2
357,70.2
358,70.2
359,70.2
360,70.2
361,70.2
362,70.2
363,70.2
364,66.6
365,66.6
366,66.6
367,66.6
368,66.6
369,66.6
370,66.6
371,66.6
372,66.6
373,66.6
374,66.6
375,66.6
376,66.6
377,66.6
378,66.6
379,66.6
380,66.6
381,66.6
382,66.6
383,66.6
384,66.6
385,66.6
386,66.6
387,66.6
388,66.6
389,66.6
390,66.6
391,66.6
392,66.6
393,66.6
394,66.6
395,66.6
396,66.6
397,66.6
398,66.6
399,66.6
400,66.6
401,66.6
402,66.1
403,66.1
404,66.1
405,66.1
406,66.1
407,66.1
408,66.1
409,66.1
410,66.1
411,66.1
412,66.1
413,66.1
414,66.1
415,66.1
416,66.1
417,66.1
418,66.1
419,66.1
420,66.1
421,66.1
422,66.1
423,66.1
424,66.1
425,66.1
426,66.1
427,66.1
428,66.1
429,66.1
430,66.1
431,66.1
432,66.1
433,66.1
434,66.1
435,66.1
436,66.1
437,66.1
438,66.1
439,66.1
440,66.1
441,66.1
442,66.1
443,66.1
444,66.1
445,66.1
446,66.1
447,66.1
448,66.1
449,66.1
450,66.8
451,66.8
452,66.8
453,66.8
454,66.8
455,66.8
456,66.8
457,66.8
458,66.8
459,66.8
460,66.8
461,66.8
462,66.8
463,66.8
464,66.8
465,66.8
466,66.8
467,66.8
468,66.8
469,66.8
470,66.8
471,66.8
472,66.8
473,66.8
474,66.8
475,66.8
476,66.8
477,66.8
478,66.8
479,64.5
480,64.5
481,64.5
482,64.5
483,64.5
484,64.5
485,64.5
486,64.5
487,64.5
488,64.5
489,64.5
490,64.5
491,64.5
492,64.5
493,64.5
494,64.5
495,64.4
496,64.4
497,64.4
498,64.4
499,64.4
500,64.4
501,64.4
502,64.4
503,64.4
504,64.4
505,64.4
506,64.4
507,64.4
508,64.4
509,64.4
510,64.4
511,64.4
512,64.4
513,64.4
514,64.4
515,64.4
516,64.4
517,64.4
518,64.4
519,64.4
520,64.4
521,64.4
522,64.4
523,64.4
524,64.4
525,64.4
526,64.4
527,64.4
528,64.4
529,64.4
530,64.4
531,64.4
532,64.4
533,64.4
534,64.4
535,64.4
536,64.4
537,64.4
538,64.4
539,64.4
540,64.4
541,64.4
542,58.9
543,58.9
544,58.9
545,58.9
546,58.9
547,58.9
548,58.9
549,58.9
550,58.9
551,58.9
552,58.9
553,58.9
554,58.9
555,58.9
556,58.9
557,58.9
558,58.9
559,58.9
560,58.9
561,58.9
562,58.9
563,58.9
564,58.9
565,58.9
566,58.9
567,58.9
568,58.9
569,58.3
570,58.3
571,58.3
572,58.3
573,58.3
574,58.3
575,58.3
576,58.3
577,58.3
578,58.3
579,58.3
580,58.3
581,58.3
582,60.1
583,60.1
584,60.1
585,60.1
586,60.1
587,60.1
588,60.1
589,60.1
590,60.1
591,60.1
592,60.1
593,60.1
594,60.1
595,60.1
596,60.1
597,60.1
598,60.1
599,60.1
600,60.1
601,57.1
602,57.1
603,57.2
604,57.2
605,57.2
606,57.2
607,57.2
608,57.2
609,57.2
610,57.2
611,57.2
612,57.2
613,57.2
614,57.2
615,57.2
616,57.2
617,57.2
618,57.2
619,57.9
620,57.9
621,57.9
622,57.9
623,57.9
624,57.9
625,57.9
626,57.9
627,57.9
628,57.9
629,57.9
630,57.9
631,57.9
632,57.9
633,57.9
634,57.9
635,57.9
636,57.9
637,57.9
638,57.9
639,57.9
640,57.9
641,57.9
642,57.9
643,57.9
644,57.9
645,57.9
646,61.5
647,61.5
648,61.5
649,61.5
650,61.5
651,61.5
652,61.5
653,61.5
654,61.5
655,61.5
656,61.5
657,61.5
658,61.5
659,61.5
660,61.5
661,61.5
662,61.5
663,61.5
664,61.5
665,61.5
666,61.5
667,61.5
668,61.5
669,61.5
670,61.5
671,61.5
672,61.5
673,61.5
674,61.5
675,61.5
676,61.5
677,61.5
678,61.5
679,61.5
680,61.5
681,61.5
682,61.5
683,61.5
684,61.5
685,61.5
686,61.5
687,61.5
688,61.5
689,61.5
690,61.5
691,61.5
692,61.5
693,61.5
694,61.5
695,61.5
696,55.6
697,55.6
698,55.6
699,55.6
700,55.6
701,55.6
702,55.6
703,55.6
704,55.6
705,55.6
706,55.6
707,55.6
708,55.6
709,55.6
710,55.6
711,55.6
712,55.6
713,55.6
714,55.6
715,55.6
716,55.6
717,55.6
718,55.6
719,55.6
720,55.6
721,55.6
722,55.6
723,55.6
724,55.6
725,55.6
726,55.6
727,55.6
728,55.6
729,55.6
730,55.6
731,55.6
732,55.6
733,55.6
734,55.6
735,55.6
736,55.6
737,55.6
738,55.6
739,55.6
740,58.4
741,58.4
742,58.4
743,58.4
744,58.4
745,58.4
746,58.4
747,58.4
748,58.4
749,58.4
750,58.4
751,58.4
752,58.4
753,58.4
754,58.4
755,58.4
756,58.4
757,58.4
758,58.4
759,58.4
760,58.4
761,58.4
762,58.4
763,58.4
764,58.4
765,58.4
766,58.4
767,58.4
768,58.4
769,58.4
770,58.4
771,58.4
772,58.4
773,58.4
774,58.4
775,58.4
776,58.4
777,58.4
778,58.4
779,58.4
780,58.4
781,58.4
782,58.4
783,58.4
784,58.4
785,58.4
786,58.4
787,58.4
788,58.4
789,57.9
790,57.9
791,57.9
792,57.9
793,57.9
794,57.9
795,57.9
796,57.9
797,57.9
798,57.9
799,57.9
800,57.9
801,57.9
802,57.9
803,57.9
804,57.9
805,57.9
806,57.9
807,57.9
808,57.9
809,57.9
810,57.9
811,57.9
812,57.9
813,57.9
814,57.9
815,57.9
816,57.9
817,57.9
818,57.9
819,57.9
820,57.9
821,57.9
822,57.9
823,57.9
824,57.9
825,57.9
826,61
827,61
828,61
829,61
830,61
831,61
832,61
833,61
834,61
835,61
836,61
837,61
838,61
839,61
840,61
841,61
842,61
843,61
844,61
845,61
846,61
847,61
848,55.9
849,55.9
850,55.9
851,55.9
852,55.9
853,55.9
854,55.9
855,55.9
856,55.9
857,55.9
858,55.9
859,55.9
860,55.9
861,55.9
862,55.9
863,55.9
864,55.9
865,55.9
866,55.9
867,55.9
868,55.9
869,55.9
870,55.9
871,55.9
872,55.9
873,55.9
874,55.9
875,55.9
876,55.9
877,55.9
878,55.9
879,55.9
880,55.9
881,55.9
882,55.9
883,55.9
884,55.9
885,55.9
886,55.9
887,55.9
888,55.9
889,50.8
890,50.8
891,50.8
892,50.8
893,50.8
894,50.8
895,50.8
896,50.8
897,50.8
898,50.8
899,50.8
900,50.8
901,50.8
902,50.8
903,50.8
904,50.8
905,50.7
906,50.7
907,50.7
908,50.2
909,50.2
910,50.2
911,50.2
912,50.2
913,50.2
914,50.2
915,50.2
916,50.2
917,50.2
918,50.2
919,50.2
920,50.2
921,50.2
922,50.2
923,50.2
924,50.2
925,50.2
926,50.2
927,50.2
928,50.2
929,50.2
930,50.2
931,50.2
932,50.2
933,50.2
934,50.2
935,50.2
936,50.2
937,50
938,50
939,50
940,49.7
941,49.7
942,49.7
943,49.7
944,49.7
945,49.7
946,49.7
947,49.7
948,49.7
949,49.7
950,49.7
951,49.7
952,49.7
953,49.7
954,49.7
955,49.7
956,49.7
957,49.7
958,50.4
959,50.4
960,50.4
961,50.4
962,50.4
963,50.4
964,50.4
965,50.4
966,50.4
967,50.4
968,48.1
969,48.1
970,48.1
971,48.1
972,48.1
973,48.1
974,48.1
975,48.1
976,48.1
977,48.1
978,48.1
979,48.1
980,48.1
981,48.1
982,48.1
983,48.1
984,48.1
985,48.1
986,48.1
987,48.1
988,48.1
989,48.1
990,48.1
991,48.1
992,48.1
993,48.1
994,48.1
995,48.1
996,48.1
997,48.1
998,47.7
999,47.7
1000,47.7
1001,47.7
1002,47.7
1003,47.7
1004,47.7
1005,47.7
1006,47.7
1007,47.7
1008,47.7
1009,47.7
1010,47.7
1011,47.7
1012,47.7
1013,47.7
1014,47.7
1015,47.7
1016,47.7
1017,47.7
1018,47.7
1019,47.7
1020,47.7
1021,47.7
1022,47.7
1023,47.7
1024,47.7
1025,47.7
1026,47.7
1027,47.7
1028,47.7
1029,47.7
1030,47.7
1031,47.7
1032,47.7
1033,47.7
1034,47.7
1035,47.7
1036,47.7
1037,47.7
1038,47.7
1039,47.7
1040,47.7
1041,47.7
1042,45.8
1043,45.8
1044,45.8
1045,45.8
1046,45.8
1047,45.8
1048,45.8
1049,45.8
1050,45.8
1051,45.8
1052,45.8
1053,45.8
1054,45.8
1055,45.8
1056,45.8
1057,45.8
1058,45.8
1059,45.8
1060,45.8
1061,45.8
1062,45.8
1063,45.8
1064,45.8
1065,45.8
1066,45.8
1067,45.8
1068,45.8
1069,46
1070,46
1071,46
1072,46
1073,46
1074,46.9
1075,46.9
1076,46.9
1077,46.9
1078,46.9
1079,46.9
1080,46.9
1081,46.9
1082,46.9
1083,46.9
1084,46.9
1085,46.9
1086,46.9
1087,46.9
1088,46.9
1089,46.9
1090,46.9
1091,46.9
1092,44.1
1093,44.1
1094,44.1
1095,44.1
1096,44.1
1097,44.1
1098,44.1
1099,44.1
1100,44.1
1101,44.1
1102,44.1
1103,44.1
1104,44.1
1105,44.1
1106,44.1
1107,44.1
1108,44.3
1109,44.3
1110,44.3
1111,44.3
1112,44.3
1113,44.3
1114,44.3
1115,44.3
1116,44.3
1117,44.3
1118,44.3
1119,44.3
1120,44.3
1121,44.3
1122,44.3
1123,44.3
1124,44.3
1125,44.3
1126,44.3
1127,44.3
1128,44.3
1129,44.3
1130,44.3
1131,44.3
1132,44.3
1133,44.3
1134,41.7
1135,41.7
1136,41.7
1137,41.7
1138,41.7
1139,41.7
1140,41.7
1141,41.7
1142,41.7
1143,41.7
1144,41.7
1145,41.7
1146,41.7
1147,41.7
1148,41.7
1149,41.7
1150,41.7
1151,41.7
1152,41.7
1153,41.7
1154,41.7
1155,41.7
1156,41.7
1157,41.7
1158,43.3
1159,43.3
1160,43.3
1161,43.3
1162,43.3
1163,43.3
1164,43.3
1165,43.3
1166,43.3
1167,43.3
1168,43.3
1169,43.3
1170,43.3
1171,43.3
1172,43.3
1173,43.3
1174,43.3
1175,43.3
1176,43.3
1177,43.3
1178,43.3
1179,43.3
1180,43.3
1181,43.3
1182,43.3
1183,43.3
1184,43.3
1185,43.3
1186,43.3
1187,43.3
1188,43.3
1189,43.3
1190,43.3
1191,43.3
1192,43.3
1193,43.3
1194,43.3
1195,43.3
1196,43.3
1197,43.3
1198,43.3
1199,43.3
1200,43.3
1201,39
1202,39
1203,39
1204,39
1205,39
1206,39
1207,39
1208,39
1209,39
1210,39
1211,39
1212,39
1213,39
1214,39
1215,39
1216,39
1217,39
1218,39
1219,39
1220,39
1221,39
1222,39
1223,39
1224,39
1225,39
1226,39
1227,39
1228,39
1229,39
1230,39
1231,39
1232,39
1233,39
1234,39
1235,39
1236,39
1237,39
1238,39
1239,39
1240,39
1241,39
1242,39
1243,39
1244,39
1245,39
1246,39
1247,39
1248,39
1249,39
1250,39
1251,34.9
1252,34.9
1253,34.9
1254,34.9
1255,34.9
1256,34.9
1257,34.9
1258,34.9
1259,34.9
1260,34.9
1261,34.9
1262,34.9
1263,34.9
1264,34.9
1265,34.9
1266,34.9
1267,34.9
1268,34.9
1269,34.9
1270,34.9
1271,34.9
1272,34.9
1273,34.9
1274,34.9
1275,34.9
1276,34.9
1277,36
1278,36
1279,36
1280,36
1281,36
1282,36
1283,36
1284,36
1285,36
1286,36
1287,36
1288,36
1289,36
1290,36
1291,36
1292,36
1293,36
1294,36
1295,36
1296,36
1297,36
1298,36
1299,36
1300,36
1301,36
1302,36
1303,36
1304,36
1305,36
1306,36
1307,36
1308,36
1309,36
1310,36.4
1311,36.4
1312,36.4
1313,36.4
1314,36.4
1315,36.4
1316,36.4
1317,36.4
1318,36.4
1319,36.4
1320,36.4
1321,36.4
1322,36.4
1323,36.4
1324,36.4
1325,36.4
1326,36.4
1327,36.4
1328,36.4
1329,36.4
1330,36.4
1331,36.4
1332,36.4
1333,36.4
1334,36.4
1335,36.4
1336,36.4
1337,36.4
1338,36.4
1339,36.4
1340,36.4
1341,36.4
1342,36.4
1343,36.4
1344,36.4
1345,36.4
1346,36.4
1347,36.4
1348,32.4
1349,32.4
1350,32.4
1351,32.4
1352,32.4
1353,32.4
1354,32.4
1355,32.4
1356,32.4
1357,32.4
1358,32.4
1359,32.4
1360,32.4
1361,32.4
1362,32.4
1363,32.4
1364,32.4
1365,32.4
1366,32.4
1367,32.4
1368,32.4
1369,32.4
1370,32.4
1371,32.4
1372,32.4
1373,32.4
1374,32.4
1375,32.4
1376,32.4
1377,32.4
1378,32.4
1379,32.4
1380,32.4
1381,32.4
1382,32.4
1383,32.4
1384,32.4
1385,32.4
1386,28.7
1387,28.7
1388,28.7
1389,28.7
1390,28.7
1391,28.7
1392,28.7
1393,29.4
1394,29.4
1395,29.4
1396,29.4
1397,29.4
1398,29.4
1399,29.4
1400,29.4
1401,29.4
1402,29.4
1403,29.4
1404,29.4
1405,29.4
1406,29.4
1407,29.4
1408,29.4
1409,29.4
1410,30.6
1411,30.6
1412,30.6
1413,30.6
1414,30.6
1415,30.6
1416,30.6
1417,30.6
1418,30.6
1419,30.6
1420,30.6
1421,30.6
1422,30.6
1423,30.6
1424,30.6
1425,30.6
1426,30.6
1427,30.6
1428,30.6
1429,30.6
1430,30.6
1431,27.3
1432,27.3
1433,27.3
1434,27.3
1435,27.3
1436,27.3
1437,27.3
1438,27.3
1439,27.3
1440,27.3
1441,27.3
1442,27.3
1443,27.3
1444,27.3
1445,27.3
1446,27.3
1447,27.3
1448,27.3
1449,27.3
1450,27.3
1451,27.3
1452,27.3
1453,27.3
1454,27.3
1455,28
1456,28
1457,28
1458,28.6
1459,28.6
1460,28.6
1461,28.6
1462,28.6
1463,28.6
1464,28.6
1465,28.6
1466,28.6
1467,28.6
1468,28.6
1469,28.6
1470,28.6
1471,28.6
1472,28.6
1473,28.6
1474,28.6
1475,28.6
1476,30.2
1477,30.2
1478,30.2
1479,30.2
1480,30.2
1481,30.2
1482,30.2
1483,30.2
1484,30.2
1485,30.2
1486,30.2
1487,30.2
1488,30.2
1489,30.2
1490,30.2
1491,30.2
1492,30.2
1493,30.2
1494,30.2
1495,30.2
1496,30.2
1497,30.2
1498,30.2
1499,30.2
1500,30.2
1501,30.2
1502,30.2
1503,32.6
1504,32.6
1505,32.6
1506,32.6
1507,32.6
1508,32.6
1509,32.6
1510,32.6
1511,32.6
1512,32.6
1513,32.6
1514,32.6
1515,32.6
1516,32.6
1517,32.6
1518,32.6
1519,32.6
1520,32.6
1521,32.6
1522,32.6
1523,32.6
1524,32.6
1525,32.6
1526,32.6
1527,32.6
1528,32.6
1529,32
1530,32
1531,32
1532,32
1533,32
1534,32
1535,32
1536,32
1537,32
1538,32
1539,32
1540,32
1541,32
1542,32
1543,32
1544,31.6
1545,31.6
1546,31.6
1547,31.6
1548,31.6
1549,31.9
1550,31.9
1551,31.9
1552,31.9
1553,31.9
1554,31.9
1555,31.9
1556,31.9
1557,31.9
1558,31.9
1559,31.9
1560,31.9
1561,31.9
1562,31.9
1563,31.9
1564,31.9
1565,31.9
1566,31.9
1567,31.9
1568,31.9
1569,31.9
1570,31.9
1571,31.9
1572,31.9
1573,31.9
1574,31.9
1575,31.9
1576,31.9
1577,31.9
1578,31.9
1579,31.9
1580,31.9
1581,31.9
1582,31.9
1583,31.9
1584,31.9
1585,31.9
1586,31.9
1587,31.9
1588,31.9
1589,31.9
1590,31.9
1591,31.9
1592,31.9
1593,28.3
1594,28.3
1595,28.3
1596,28.3
1597,28.3
1598,28.3
1599,28.3
1600,28.3
1601,28.3
1602,28.3
1603,28.3
1604,28.3
1605,28.3
1606,28.3
1607,28.3
1608,28.3
1609,28.3
1610,28.3
1611,28.3
1612,28.3
1613,28.3
1614,28.3
1615,28.3
1616,28.3
1617,28.3
1618,28.3
1619,28.3
1620,29.7
1621,29.7
1622,29.7
1623,29.7
1624,29.7
1625,29.7
1626,29.7
1627,29.7
1628,29.7
1629,29.7
1630,29.7
1631,29.7
1632,29.7
1633,29.7
1634,29.7
1635,29.7
1636,29.7
1637,29.7
1638,29.7
1639,29.7
1640,29.7
1641,29.7
1642,29.7
1643,29.7
1644,29.7
1645,29.7
1646,29.7
1647,29.7
1648,29.7
1649,29.7
1650,29.7
1651,27.9
1652,27.9
1653,27.9
1654,27.9
1655,27.9
1656,27.9
1657,27.9
1658,27.9
1659,27.9
1660,27.9
1661,27.9
1662,27.9
1663,27.9
1664,27.9
1665,27.9
1666,27.9
1667,27.9
1668,27.9
1669,27.9
1670,27.9
1671,27.9
1672,27.9
1673,27.9
1674,27.9
1675,27.9
1676,27.9
1677,27.9
1678,27.9
1679,27.9
1680,27.9
1681,27.9
1682,26.7
1683,26.7
1684,26.7
1685,26.7
1686,26.7
1687,26.7
1688,26.7
1689,26.7
1690,26.7
1691,26.7
1692,26.7
1693,26.7
1694,26.7
1695,26.7
1696,26.7
1697,26.7
1698,26.7
1699,26.7
1700,26.7
1701,26.7
1702,26.7
1703,26.7
1704,26.7
1705,26.7
1706,26.7
1707,26.7
1708,26.7
1709,26.7
1710,26.7
1711,26.7
1712,26.7
1713,26.7
1714,26.7
1715,26.7
1716,26.7
1717,26.7
1718,26.7
1719,26.7
1720,26.7
1721,26.7
1722,26.7
1723,26.7
1724,26.7
1725,26.7
1726,26.7
1727,26.7
1728,26.7
1729,26.7
1730,26
1731,26
1732,26
1733,26
1734,26
1735,26
1736,26
1737,26
1738,26
1739,26
1740,26
1741,26
1742,26
1743,26
1744,26
1745,26
1746,26
1747,26
1748,26
1749,26
1750,26
1751,26
1752,26
1753,26
1754,26
1755,26
1756,26
1757,26
1758,26
1759,26
1760,26
1761,26
1762,26
1763,26
1764,26
1765,26
1766,30.5
1767,30.5
1768,30.5
1769,30.5
1770,30.5
1771,30.5
1772,30.5
1773,30.5
1774,30.5
1775,30.5
1776,30.5
1777,30.5
1778,30.5
1779,30.5
1780,30.5
1781,30.5
1782,30.5
1783,28.7
1784,28.7
1785,28.7
1786,28.7
1787,28.7
1788,28.7
1789,28.7
1790,28.7
1791,28.7
1792,28.7
1793,28.7
1794,28.7
1795,28.7
1796,28.7
1797,28.7
1798,28.7
1799,28.7
1800,28.7
1801,28.7
1802,28.7
1803,28.7
1804,28.7
1805,28.7
1806,28.7
1807,28.7
1808,28.7
1809,28.7
1810,28.7
1811,28.7
1812,28.7
1813,28.7
1814,28.7
1815,28.7
1816,28.7
1817,28.4
1818,28.4
1819,28.4
1820,28.4
1821,28.4
1822,28.4
1823,28.4
1824,28.1
1825,28.1
1826,28.1
1827,28.1
1828,28.1
1829,28.1
1830,28.1
1831,28.1
1832,28.1
1833,28.1
1834,28.1
1835,28.1
1836,28.1
1837,28.1
1838,28.1
1839,28.1
1840,28.1
1841,28.1
1842,28.1
1843,28.1
1844,28.1
1845,28.1
1846,28.1
1847,28.1
1848,26.3
1849,26.3
1850,26.3
1851,26.3
1852,26.3
1853,26.3
1854,26.3
1855,26.3
1856,26.3
1857,26.3
1858,26.3
1859,26.7
1860,26.7
1861,26.7
1862,26.7
1863,26.7
1864,26.7
1865,26.7
1866,26.7
1867,26.7
1868,26.7
1869,26.7
1870,26.7
1871,26.7
1872,26.7
1873,26.7
1874,26.7
1875,26.7
1876,26.7
1877,26.7
1878,26.7
1879,27.2
1880,27.2
1881,27.2
1882,27.2
1883,27.2
1884,27.2
1885,27.2
1886,27.2
1887,27.2
1888,27.2
1889,27.2
1890,27.2
1891,27.2
1892,27.2
1893,27.2
1894,27.2
1895,27.2
1896,27.2
1897,27.2
1898,27.2
1899,27.2
1900,27.2
1901,27.2
1902,27.2
1903,27.2
1904,27.2
1905,27.2
1906,27.2
1907,27.8
1908,27.8
1909,27.8
1910,27.8
1911,27.8
1912,27.8
1913,27.8
1914,27.8
1915,27.8
1916,27.8
1917,27.8
1918,27.8
1919,27.8
1920,27.8
1921,27.8
1922,27.8
1923,27.8
1924,27.8
1925,27.8
1926,27.8
1927,28.1
1928,28.1
1929,28.1
1930,28.1
1931,28.1
1932,28.1
1933,28.1
1934,28.1
1935,28.1
1936,28.1
1937,28.1
1938,28.1
1939,28.1
1940,28.1
1941,28.1
1942,28.1
1943,28.1
1944,28.1
1945,28.1
1946,28.1
1947,28.1
1948,28.1
1949,28.1
1950,28.1
1951,28.1
1952,28.1
1953,28.1
1954,28.1
1955,28.1
1956,28.1
1957,28.1
1958,28.1
1959,28.1
1960,28.1
1961,28.1
1962,28.1
1963,28.1
1964,28.1
1965,28.1
1966,28.1
1967,28.1
1968,28.1
1969,28.1
1970,28.1
1971,28.1
1972,28.1
1973,28.1
1974,28.1
1975,28.1
1976,28.5
1977,28.5
1978,28.5
1979,28.5
1980,28.5
1981,28.5
1982,28.5
1983,28.5
1984,28.5
1985,28.5
1986,28.5
1987,28.5
1988,28.5
1989,28.5
1990,28.5
1991,28.5
1992,28.5
1993,28.5
1994,28.5
1995,28.5
1996,28.5
1997,28.5
1998,28.5
1999,28.5
2000,28.5
2001,28.5
2002,28.5
2003,28.5
2004,28.5
2005,28.5
2006,28.5
2007,28.5
2008,28.5
2009,28.5
2010,28.5
2011,28.5
2012,28.5
2013,28.5
2014,28.5
2015,28.5
2016,28.5
2017,28.5
2018,28.5
2019,28.5
2020,28.5
2021,27.8
2022,27.8
2023,27.8
2024,27.8
2025,27.8
2026,27.8
2027,27.8
2028,27.8
2029,27.8
2030,27.8
2031,27.8
2032,27.8
2033,27.8
2034,27.8
2035,27.8
2036,27.8
2037,27.8
2038,27.8
2039,27.8
2040,27.8
2041,27.8
2042,27.8
2043,27.8
2044,27.8
2045,27.8
2046,27.8
2047,27.8
2048,27.8
2049,27.8
2050,27.8
2051,27.8
2052,27.8
2053,27.8
2054,27.8
2055,27.8
2056,27.8
2057,27.8
2058,27.8
2059,27.8
2060,27.8
2061,27.8
2062,27.8
2063,27.8
2064,27.8
2065,27.8
2066,27.8
2067,28.5
2068,28.5
2069,28.5
2070,28.5
2071,28.5
2072,28.5
2073,28.5
2074,28.5
2075,28.5
2076,28.5
2077,28.5
2078,28.5
2079,28.5
2080,28.5
2081,28.5
2082,28.5
2083,28.5
2084,28.5
2085,28.5
2086,28.5
2087,28.5
2088,28.5
2089,28.5
2090,28.5
2091,28.5
2092,30.5
2093,30.5
2094,30.5
2095,30.5
2096,30.5
2097,30.5
2098,30.5
2099,30.5
2100,30.5
2101,30.5
2102,30.5
2103,30.5
2104,30.5
2105,30.5
2106,30.5
2107,30.5
2108,30.5
2109,30.5
2110,30.5
2111,30.5
2112,30.5
2113,30.5
2114,30.5
2115,30.5
2116,30.5
2117,30.5
2118,30.5
2119,30.5
2120,30.5
2121,30.5
2122,30.5
2123,30.5
2124,30.5
2125,30.5
2126,30.5
2127,30.5
2128,30.5
2129,30.5
2130,30.5
2131,30.5
2132,30.5
2133,30.5
2134,30.5
2135,30.5
2136,30.5
2137,30.5
2138,30.5
2139,30.5
2140,31.8
2141,31.8
2142,31.8
2143,31.8
2144,31.8
2145,31.8
2146,31.8
2147,31.8
2148,31.8
2149,31.8
2150,31.8
2151,31.8
2152,31.8
2153,31.8
2154,31.8
2155,31.8
2156,31.8
2157,31.8
2158,31.8
2159,31.8
2160,31.8
2161,31.8
2162,31.8
2163,31.8
2164,31.8
2165,31.8
2166,31.8
2167,31.8
2168,31.8
2169,31.8
2170,31.8
2171,31.8
2172,31.8
2173,31.8
2174,31.8
2175,31.8
2176,31.8
2177,31.8
2178,31.8
2179,36.4
2180,36.4
2181,36.4
2182,36.4
2183,36.4
2184,36.4
2185,36.4
2186,36.4
2187,36.4
2188,36.4
2189,36.4
2190,36.4
2191,36.4
2192,36.4
2193,37.1
2194,37.1
2195,37.1
2196,37.1
2197,37.1
2198,37.1
2199,37.1
2200,37.1
2201,37.1
2202,37.1
2203,37.1
2204,37.1
2205,37.1
2206,37.1
2207,37.1
2208,37.1
2209,37.1
2210,37.1
2211,37.1
2212,37.1
2213,37.1
2214,37.1
2215,37.1
2216,37.1
2217,37.1
2218,37.1
2219,37.1
2220,37.1
2221,37.1
2222,37.1
2223,37.1
2224,37.1
2225,37.1
2226,37.1
2227,37.1
2228,37.1
2229,37.1
2230,37.1
2231,37.1
2232,35
2233,35
2234,35
2235,35
2236,35
2237,35
2238,35
2239,35
2240,35
2241,35
2242,35
2243,35
2244,35
2245,35
2246,35
2247,35
2248,35
2249,35
2250,35
2251,35
2252,35
2253,35
2254,33.9
2255,33.9
2256,33.9
2257,33.9
2258,33.9
2259,33.9
2260,33.9
2261,33.9
2262,33.9
2263,33.9
2264,33.9
2265,33.9
2266,33.9
2267,33.9
2268,33.9
2269,33.9
2270,33.9
2271,33.9
2272,33.9
2273,33.9
2274,33.9
2275,33.9
2276,33.9
2277,33.9
2278,33.9
2279,33.9
2280,33.9
2281,33.9
2282,33.9
2283,33.9
2284,33.9
2285,33.9
2286,33.9
2287,33.9
2288,33.9
2289,33.1
2290,33.1
2291,33.1
2292,33.1
2293,33.1
2294,33.1
2295,33.2
2296,33.2
2297,33.2
2298,33.2
2299,33.2
2300,33.2
2301,33.2
2302,33.2
2303,33.2
2304,33.2
2305,33.2
2306,33.2
2307,33.2
2308,33.2
2309,33.2
2310,33.2
2311,33.2
2312,33.2
2313,33.2
2314,33.2
2315,33.2
2316,33.2
2317,33.2
2318,33.2
2319,33.2
2320,33.2
2321,33.2
2322,33.2
2323,33.2
2324,33.2
2325,33.2
2326,33.2
2327,33.2
2328,33.2
2329,33.2
2330,34
2331,34
2332,34
2333,34
2334,34
2335,34
2336,34
2337,34
2338,34
2339,34.3
2340,34.3
2341,34.3
2342,34.3
2343,34.3
2344,34.3
2345,34.3
2346,34.3
2347,34.3
2348,34.3
2349,34.3
2350,34.3
2351,34.3
2352,34.3
2353,34.3
2354,34.3
2355,34.3
2356,34.3
2357,34.3
2358,34.3
2359,34.3
2360,34.3
2361,34.3
2362,34.3
2363,34.3
2364,34.3
2365,34.3
2366,34.3
2367,34.3
2368,34.3
2369,34.3
2370,34.3
2371,34.3
2372,34.3
2373,34.3
2374,34.3
2375,34.3
2376,34.3
2377,34.3
2378,34.3
2379,34.3
2380,34.3
2381,34.3
2382,34.3
2383,35.9
2384,35.9
2385,35.9
2386,36.2
2387,36.2
2388,36.2
2389,36.2
2390,36.2
2391,36.2
2392,36.2
2393,36.2
2394,36.2
2395,36.2
2396,36.2
2397,36.2
2398,36.2
2399,36.2
2400,36.2
2401,36.2
2402,36.2
2403,36.2
2404,36.2
2405,36.2
2406,36.2
2407,36.2
2408,36.2
2409,36.2
2410,36.2
2411,36.2
2412,36.2
2413,36.2
2414,36.2
2415,36.2
2416,36.2
2417,33.8
2418,33.8
2419,33.8
2420,33.8
2421,33.8
2422,33.8
2423,33.8
2424,33.8
2425,33.8
2426,33.8
2427,33.8
2428,33.8
2429,33.8
2430,33.8
2431,33.8
2432,33.8
2433,33.8
2434,33.8
2435,33.8
2436,33.8
2437,33.8
2438,33.8
2439,33.8
2440,33.8
2441,33.8
2442,35.5
2443,35.5
2444,35.5
2445,35.5
2446,35.5
2447,35.5
2448,35.5
2449,35.5
2450,35.5
2451,35.5
2452,35.5
2453,35.5
2454,35.5
2455,35.5
2456,35.5
2457,35.5
2458,35.5
2459,35.5
2460,35.5
2461,35.5
2462,35.5
2463,35.5
2464,35.5
2465,35.5
2466,35.5
2467,35.5
2468,35.5
2469,35.5
2470,35.5
2471,36.9
2472,36.9
2473,36.9
2474,36.9
2475,36.9
2476,36.9
2477,36.9
2478,36.9
2479,36.9
2480,36.9
2481,36.9
2482,36.9
2483,36.9
2484,36.9
2485,36.9
2486,36.9
2487,36.9
2488,36.9
2489,36.9
2490,36.9
2491,36.9
2492,36.9
2493,36.9
2494,36.7
2495,36.7
2496,36.7
2497,36.7
2498,36
2499,36
2500,36.6
2501,36.6
2502,36.6
2503,36.6
2504,36.6
2505,36.6
2506,36.6
2507,36.6
2508,36.6
2509,36.6
2510,36.6
2511,36.6
2512,36.6
2513,36.6
2514,36.6
2515,36.6
2516,36.6
2517,37.7
2518,37.7
2519,37.7
2520,37.7
2521,37.7
2522,37.7
2523,37.7
2524,37.7
2525,37.7
2526,37.7
2527,37.7
2528,37.7
2529,37.7
2530,37.7
2531,37.7
2532,37.7
2533,37.7
2534,37.7
2535,37.7
2536,37.7
2537,37.7
2538,37.7
2539,37.7
2540,37.7
2541,37.7
2542,37.7
2543,37.7
2544,37.7
2545,37.7
2546,37.7
2547,37.7
2548,37.7
2549,37.7
2550,37.7
2551,37.7
2552,37.7
2553,37.7
2554,37.7
2555,37.7
2556,37.7
2557,37.7
2558,37.7
2559,37.7
2560,37.7
2561,37.7
2562,37.7
2563,37.7
2564,37.7
2565,44.2
2566,44.2
2567,44.2
2568,44.2
2569,44.2
2570,44.2
2571,44.2
2572,44.2
2573,44.2
2574,44.2
2575,44.2
2576,44.2
2577,44.2
2578,44.2
2579,44.2
2580,44.2
2581,44.2
2582,44.2
2583,44.2
2584,44.2
2585,44.2
2586,44.2
2587,44.2
2588,44.2
2589,44.2
2590,44.2
2591,44.2
2592,44.2
2593,44.2
2594,44.2
2595,44.2
2596,44.2
2597,44.2
2598,44.2
2599,44.2
2600,43.5
2601,43.5
2602,43.5
2603,43.5
2604,43.5
2605,43.5
2606,43.5
2607,43.5
2608,43.5
2609,43.5
2610,43.5
2611,43.5
2612,43.5
2613,43.5
2614,43.5
2615,43.5
2616,43.5
2617,43.5
2618,43.5
2619,43.5
2620,43.5
2621,43.5
2622,43.5
2623,43.5
2624,43.5
2625,43.5
2626,43.5
2627,43.5
2628,43.5
2629,43.5
2630,43.5
2631,43.5
2632,43.5
2633,43.5
2634,43.5
2635,43.5
2636,43.5
2637,43.5
2638,43.5
2639,43.5
2640,43.5
2641,43.5
2642,43.5
2643,41.7
2644,41.7
2645,41.7
2646,41.7
2647,41.7
2648,41.7
2649,41.7
2650,41.7
2651,41.7
2652,41.7
2653,41.7
2654,41.7
2655,42.4
2656,42.4
2657,42.4
2658,42.4
2659,42.4
2660,42.4
2661,42.4
2662,42.4
2663,42.4
2664,42.4
2665,42.4
2666,42.4
2667,42.4
2668,42.4
2669,42.4
2670,42.4
2671,42.4
2672,42.4
2673,42.4
2674,42.4
2675,42.4
2676,42.4
2677,42.4
2678,42.4
2679,42.4
2680,42.4
2681,42.4
2682,42.4
2683,42.4
2684,42.4
2685,42.4
2686,42.4
2687,42.4
2688,42.4
2689,42.4
2690,42.4
2691,42.4
2692,42.4
2693,42.4
2694,42.4
2695,42.4
2696,42.6
2697,42.6
2698,42.6
2699,42.6
2700,42.6
2701,42.6
2702,42.6
2703,42.6
2704,42.6
2705,42.6
2706,42.6
2707,42.6
2708,42.6
2709,42.6
2710,42.6
2711,42.6
2712,42.6
2713,42.6
2714,42.6
2715,42.6
2716,42.6
2717,42.6
2718,42.6
2719,42.6
2720,42.6
2721,42.6
2722,42.6
2723,42.6
2724,42.6
2725,42.6
2726,42.6
2727,42.6
2728,42.6
2729,42.6
2730,42.6
2731,42.6
2732,42.6
2733,42.6
2734,42.6
2735,42.6
2736,42.6
2737,40.6
2738,40.6
2739,40.6
2740,40.6
2741,40.6
2742,40.6
2743,40.6
2744,40.6
2745,40.6
2746,40.6
2747,40.6
2748,40.6
2749,40.6
2750,40.6
2751,40.6
2752,40.6
2753,40.9
2754,40.9
2755,40.9
2756,40.7
2757,40.7
2758,40.7
2759,40.7
2760,40.7
2761,40.7
2762,40.7
2763,40.7
2764,40.7
2765,40.7
2766,40.7
2767,40.7
2768,40.7
2769,40.7
2770,40.5
2771,40.5
2772,40.5
2773,40.5
2774,40.5
2775,40.5
2776,40.5
2777,40.5
2778,40.5
2779,40.5
2780,40.5
2781,41.4
2782,41.4
2783,41.4
2784,41.4
2785,41.4
2786,41.4
2787,41.4
2788,41.4
2789,41.4
2790,41.4
2791,41.4
2792,41.4
2793,41.4
2794,43
2795,43
2796,43
2797,43
2798,43
2799,43
2800,43
2801,43
2802,43
2803,44
2804,44
2805,44
2806,44
2807,44
2808,44
2809,44
2810,44
2811,44
2812,44
2813,44
2814,44
2815,44
2816,44
2817,44
2818,44
2819,44
2820,44
2821,44
2822,44
2823,44
2824,44
2825,44
2826,44
2827,44
2828,44
2829,44
2830,44
2831,44
2832,44
2833,44
2834,44
2835,44
2836,44
2837,44
2838,44
2839,44
2840,44
2841,44
2842,44
2843,41.8
2844,41.8
2845,41.8
2846,41.8
2847,41.8
2848,41.8
2849,41.8
2850,41.8
2851,41.8
2852,41.8
2853,41.8
2854,41.8
2855,41.8
2856,41.8
2857,41.8
2858,41.8
2859,41.8
2860,41.8
2861,41.8
2862,41.8
2863,41.8
2864,41.8
2865,41.8
2866,41.8
2867,41.8
2868,41.8
2869,41.8
2870,41.8
2871,41.8
2872,41.8
2873,41.8
2874,41.8
2875,41.8
2876,41.8
2877,41.8
2878,41.8
2879,41.8
2880,41.3
2881,41.3
2882,41.3
2883,41.3
2884,41.3
2885,41.3
2886,41.3
2887,41.3
2888,41.3
2889,41.3
2890,41.3
2891,41.3
2892,41.3
2893,41.3
2894,41.3
2895,41.3
2896,41.3
2897,41.3
2898,41.3
2899,41.3
2900,41.3
2901,41.3
2902,41.3
2903,41.3
2904,41.3
2905,41.3
2906,41.3
2907,41.3
2908,41.3
2909,41.3
2910,41.3
2911,41.3
2912,41.3
2913,41.3
2914,41.3
2915,41.3
2916,41.3
2917,44.5
2918,44.5
2919,44.5
2920,44.5
2921,44.5
2922,44.5
2923,44.5
2924,44.5
2925,44.5
2926,44.5
2927,44.5
2928,44.5
2929,44.5
2930,44.5
2931,44.5
2932,44.5
2933,44.5
2934,44.5
2935,44.5
2936,44.5
2937,44.5
2938,44.5
2939,44.5
2940,44.5
2941,44.5
2942,44.5
2943,44.5
2944,44.5
2945,44.5
2946,44.5
2947,44.5
2948,44.5
2949,43
2950,43
2951,43
2952,43
2953,43
2954,43
2955,43
2956,43
2957,43
2958,43
2959,43
2960,43
2961,43
2962,43
2963,43
2964,43
2965,43
2966,43
2967,43
2968,43
2969,43
2970,43
2971,43
2972,43
2973,43
2974,43
2975,43
2976,43
2977,43
2978,43
2979,43
2980,43
2981,43
2982,43
2983,43
2984,43
2985,43
2986,43
2987,43
2988,43
2989,43
2990,43
2991,43
2992,43
2993,42.4
2994,42.4
2995,42.4
2996,42.4
2997,42.4
2998,42.4
2999,42.4
3000,42.4
3001,42.4
3002,42.4
3003,42.4
3004,42.4
3005,42.4
3006,42.4
3007,42.4
3008,42.4
3009,42.4
3010,42.4
3011,42.4
3012,42.4
3013,42.4
3014,43.3
3015,43.3
3016,43.3
3017,43.3
3018,43.3
3019,43.3
3020,43.3
3021,43.3
3022,43.3
3023,43.3
3024,43.3
3025,43.3
3026,43.3
3027,43.3
3028,43.3
3029,43.3
3030,43.3
3031,43.3
3032,43.3
3033,43.3
3034,43.3
3035,43.3
3036,43.3
3037,43.3
3038,43.3
3039,43.3
3040,45.9
3041,45.9
3042,45.9
3043,45.9
3044,45.9
3045,45.9
3046,45.9
3047,45.9
3048,45.9
3049,45.9
3050,45.9
3051,45.9
3052,45.9
3053,45.9
3054,45.9
3055,45.9
3056,45.9
3057,45.9
3058,45.9
3059,45.9
3060,45.9
3061,45.9
3062,45.9
3063,45.9
3064,45.9
3065,45.9
3066,45.9
3067,45.9
3068,45.9
3069,45.9
3070,45.9
3071,45.9
3072,45.9
3073,45.9
3074,45.9
3075,45.9
3076,45.9
3077,45.9
3078,45.9
3079,45.9
3080,45.9
3081,45.9
3082,45.9
3083,45.9
3084,46.9
3085,46.9
3086,46.9
3087,46.9
3088,46.9
3089,46.9
3090,46.9
3091,46.9
3092,46.9
3093,46.9
3094,46.9
3095,46.9
3096,46.9
3097,46.9
3098,46.9
3099,46.9
3100,46.9
3101,46.9
3102,46.9
3103,46.9
3104,46.9
3105,46.9
3106,46.9
3107,46.9
3108,46.9
3109,46.9
3110,46.9
3111,46.9
3112,46.9
3113,46.9
3114,46.9
3115,49.5
3116,49.5
3117,49.5
3118,49.5
3119,49.5
3120,49.5
3121,49.5
3122,49.5
3123,49.5
3124,49.5
3125,49.5
3126,49.5
3127,49.5
3128,49.5
3129,49.5
3130,49.5
3131,49.5
3132,49.5
3133,49.5
3134,49.5
3135,49.5
3136,49.5
3137,49.5
3138,49.5
3139,49.5
3140,49.5
3141,49.5
3142,49.5
3143,49.5
3144,49.5
3145,49.5
3146,49.5
3147,49.5
3148,49.5
3149,49.5
3150,53.6
3151,53.6
3152,53.6
3153,53.6
3154,53.6
3155,53.6
3156,53.6
3157,53.6
3158,53.4
3159,53.4
3160,53.4
3161,53.4
3162,53.4
3163,53.4
3164,53.4
3165,53.4
3166,53.4
3167,53.4
3168,53.4
3169,53.4
3170,53.4
3171,53.4
3172,53.4
3173,53.4
3174,53.4
3175,53.4
3176,53.4
3177,53.4
3178,53.9
3179,53.9
3180,53.9
3181,53.9
3182,53.9
3183,53.9
3184,53.9
3185,53.9
3186,53.9
3187,53.9
3188,53.9
3189,53.9
3190,53.9
3191,53.9
3192,53.9
3193,53.9
3194,53.9
3195,53.9
3196,53.9
3197,53.9
3198,53.9
3199,53.9
3200,53.9
3201,53.9
3202,53.9
3203,53.9
3204,53.9
3205,53.9
3206,53.9
3207,53.9
3208,53.9
3209,53.9
3210,53.9
3211,53.9
3212,53.9
3213,53.9
3214,53.9
3215,53.9
3216,53.9
3217,53.9
3218,53.9
3219,53.9
3220,53.9
3221,53.9
3222,53.9
3223,53.9
3224,53.9
3225,52.5
3226,52.5
3227,52.5
3228,52.5
3229,53.5
3230,53.5
3231,53.5
3232,53.5
3233,53.5
3234,53.5
3235,53.5
3236,53.5
3237,53.5
3238,53.5
3239,53.5
3240,53.5
3241,53.5
3242,53.5
3243,53.5
3244,53.5
3245,53.5
3246,53.5
3247,53.5
3248,53.5
3249,53.5
3250,53.5
3251,53.5
3252,53.5
3253,53.5
3254,56.6
3255,56.6
3256,56.6
3257,56.6
3258,56.6
3259,56.6
3260,56.6
3261,56.6
3262,56.6
3263,56.6
3264,56.6
3265,56.6
3266,56.6
3267,56.6
3268,56.6
3269,56.6
3270,56.6
3271,56.6
3272,56.6
3273,56.6
3274,56.6
3275,56.6
3276,56.6
3277,56.6
3278,56.6
3279,56.6
3280,56.6
3281,56.6
3282,56.6
3283,56.6
3284,56.6
3285,56.6
3286,56.6
3287,56.6
3288,56.6
3289,56.6
3290,56.6
3291,56.6
3292,58.6
3293,58.6
3294,58.6
3295,58.6
3296,58.6
3297,58.6
3298,58.6
3299,58.6
3300,58.6
3301,58.6
3302,58.6
3303,58.6
3304,58.6
3305,58.6
3306,58.6
3307,58.6
3308,58.6
3309,58.6
3310,58.6
3311,58.6
3312,58.6
3313,58.6
3314,58.6
3315,58.6
3316,58.6
3317,58.6
3318,58.6
3319,58.6
3320,59.4
3321,59.4
3322,59.4
3323,59.4
3324,59.4
3325,59.4
3326,59.4
3327,59.4
3328,59.4
3329,59.4
3330,59.4
3331,59.4
3332,59.4
3333,61
3334,61
3335,61
3336,61
3337,61
3338,61
3339,61
3340,61
3341,61
3342,61
3343,61
3344,61
3345,61
3346,61
3347,61
3348,61
3349,61
3350,61
3351,61
3352,61
3353,61
3354,61
3355,60.6
3356,60.6
3357,60.6
3358,60.6
3359,60.6
3360,60.6
3361,60.6
3362,60.6
3363,60.6
3364,60.6
3365,60.6
3366,60.6
3367,60.6
3368,59.9
3369,59.9
3370,59.9
3371,59.9
3372,59.9
3373,59.9
3374,59.9
3375,59.9
3376,59.9
3377,59.9
3378,59.9
3379,59.9
3380,59.9
3381,59.9
3382,59.9
3383,59.9
3384,59.9
3385,59.9
3386,59.9
3387,59.9
3388,59.9
3389,59.9
3390,59.9
3391,59.9
3392,59.9
3393,59.9
3394,59.9
3395,59.9
3396,60.8
3397,60.8
3398,60.8
3399,60.8
3400,60.8
3401,60.8
3402,60.8
3403,60.8
3404,60.8
3405,60.8
3406,60.8
3407,60.8
3408,60.8
3409,60.8
3410,60.8
3411,60.8
3412,60.8
3413,60.8
3414,60.8
3415,60.8
3416,60.8
3417,60.8
3418,60.8
3419,60.8
3420,60.8
3421,60.8
3422,60.8
3423,60.8
3424,60.8
3425,60.8
3426,60.8
3427,60.8
3428,60.8
3429,60.8
3430,60.8
3431,60.8
3432,60.8
3433,60.8
3434,60.8
3435,60.8
3436,60.8
3437,60.8
3438,60.8
3439,60.8
3440,60.8
3441,60.8
3442,60.8
3443,64.6
3444,64.6
3445,64.6
3446,64.6
3447,64.6
3448,64.6
3449,64.6
3450,64.6
3451,64.6
3452,64.6
3453,64.6
3454,64.6
3455,64.6
3456,64.6
3457,64.6
3458,64.6
3459,64.6
3460,64.6
3461,64.6
3462,64.6
3463,64.6
3464,64.6
3465,64.6
3466,64.6
3467,64.6
3468,64.6
3469,64.6
3470,64.6
3471,64.6
3472,64.6
3473,64.6
3474,64.6
3475,64.6
3476,64.6
3477,64.6
3478,64.6
3479,64.6
3480,64.6
3481,64.6
3482,64.6
3483,64.6
3484,64.6
3485,64.6
3486,64.6
3487,64.6
3488,65.2
3489,65.2
3490,65.2
3491,65.2
3492,65.2
3493,65.2
3494,65.2
3495,65.2
3496,65.2
3497,65.2
3498,65.2
3499,65.2
3500,65.2
3501,65.2
3502,65.2
3503,65.2
3504,65.2
3505,65.2
3506,65.2
3507,65.2
3508,65.2
3509,65.2
3510,65.2
3511,65.2
3512,66.9
3513,66.9
3514,66.9
3515,66.9
3516,66.9
3517,66.9
3518,66.9
3519,66.9
3520,66.9
3521,66.9
3522,66.9
3523,66.9
3524,66.9
3525,66.9
3526,66.9
3527,66.9
3528,66.9
3529,66.9
3530,66.9
3531,66.9
3532,66.9
3533,66.9
3534,66.9
3535,66.9
3536,66.9
3537,66.9
3538,66.9
3539,66.9
3540,66.9
3541,66.9
3542,66.9
3543,66.9
3544,66.9
3545,66.9
3546,66.9
3547,66.9
3548,66.9
3549,66.9
3550,66.9
3551,66.9
3552,66.9
3553,66.9
3554,66.9
3555,66.9
3556,66.9
3557,64.2
3558,64.2
3559,64.2
3560,64.2
3561,64.2
3562,64.2
3563,64.2
3564,64.2
3565,64.2
3566,64.2
3567,64.2
3568,64.2
3569,64.2
3570,64.2
3571,64.2
3572,64.2
3573,64.2
3574,64.2
3575,64.2
3576,64.2
3577,64.2
3578,64.2
3579,64.2
3580,62.3
3581,62.3
3582,62.3
3583,62.3
3584,62.3
3585,62.3
3586,62.3
3587,62.3
3588,62.3
3589,62.3
3590,62.3
3591,62.3
3592,62.3
3593,62.4
3594,62.4
3595,62.4
3596,62.4
3597,62.4
3598,62.4
3599,62.4
3600,62.4
