Time,Spread
1,121
2,121
3,121
4,119
5,119
6,119
7,119
8,119
9,119
10,119
11,119
12,118
13,118
14,118
15,118
16,118
17,118
18,118
19,118
20,118
21,118
22,118
23,118
24,118
25,117
26,117
27,117
28,117
29,117
30,117
31,117
32,117
33,117
34,117
35,1
36,1
37,1
38,1
39,1
40,1
41,1
42,3
43,117
44,117
45,117
46,117
47,117
48,117
49,117
50,116
51,116
52,116
53,116
54,90
55,90
56,90
57,90
58,90
59,80
60,80
61,80
62,80
63,80
64,80
65,80
66,80
67,70
68,70
69,70
70,70
71,70
72,70
73,70
74,60
75,60
76,60
77,60
78,60
79,60
80,60
81,60
82,60
83,60
84,60
85,60
86,60
87,60
88,60
89,60
90,60
91,60
92,60
93,60
94,60
95,60
96,60
97,60
98,55
99,55
100,55
101,55
102,55
103,55
104,55
105,55
106,50
107,49
108,49
109,49
110,44
111,39
112,39
113,39
114,39
115,39
116,33
117,33
118,33
119,33
120,30
121,30
122,30
123,25
124,25
125,25
126,25
127,24
128,24
129,18
130,18
131,18
132,18
133,15
134,14
135,14
136,14
137,14
138,9
139,9
140,8
141,7
142,7
143,7
144,7
145,7
146,6
147,6
148,6
149,6
150,6
151,6
152,5
153,5
154,5
155,5
156,5
157,5
158,5
159,5
160,5
161,4
162,4
163,4
164,4
165,89
166,3.5
167,3.5
168,3.5
169,4.5
170,4.5
171,89
172,4
173,4
174,4
175,5
176,5
177,5
178,4
179,1
180,87
181,4
182,4
183,4
184,3
185,3
186,3
187,3
188,2
189,85
190,85
191,3
192,3
193,2.90000000000001
194,2
195,2
196,2
197,2
198,2
199,2
200,2
201,84
202,4
203,4
204,4
205,4
206,2.97
207,2.97
208,2.97
209,2.97
210,2.97
211,3
212,3
213,3
214,3
215,2.8
216,81
217,84
218,84
219,4
220,4
221,4
222,4
223,3.90000000000001
224,3.90000000000001
225,3.90000000000001
226,3.90000000000001
227,3.90000000000001
228,3.90000000000001
229,3.90000000000001
230,3.90000000000001
231,13.9
232,70
233,70
234,84
235,24.9
236,24.9
237,60
238,60
239,60
240,25
241,23
242,22
243,24
244,23
245,20
246,20
247,20
248,19
249,19
250,18
251,18
252,18
253,17
254,17
255,17
256,17
257,17
258,15
259,15
260,14
261,14
262,14
263,13
264,12
265,12
266,12
267,12
268,12
269,83
270,83
271,83
272,16
273,16
274,16
275,16
276,16
277,16
278,15
279,14.9
280,14.9
281,14.9
282,14.9
283,14.9
284,13
285,13
286,13
287,13
288,13
289,6
290,6
291,6
292,6
293,12
294,12.9
295,12.9
296,12
297,12
298,12
299,10.1
300,10.1
301,10.1
302,10.1
303,10.1
304,10.1
305,10.1
306,10.1
307,8.09999999999999
308,8.09999999999999
309,8.09999999999999
310,8.09999999999999
311,8.09999999999999
312,8.09999999999999
313,8.09999999999999
314,8.09999999999999
315,8.09999999999999
316,8.09999999999999
317,8.09999999999999
318,78
319,9
320,9
321,9
322,9
323,9
324,8.90000000000001
325,8.90000000000001
326,8.90000000000001
327,78
328,8
329,8
330,8
331,8
332,8
333,8
334,78
335,8.90000000000001
336,8.90000000000001
337,8.90000000000001
338,8.90000000000001
339,8.90000000000001
340,8.90000000000001
341,67.1
342,10
343,10
344,10
345,10
346,10
347,10
348,9.5
349,9.5
350,9.5
351,8.5
352,8.5
353,8.5
354,8.5
355,8
356,7.90000000000001
357,7.90000000000001
358,7.90000000000001
359,7.90000000000001
360,5.90000000000001
361,5.90000000000001
362,5.90000000000001
363,5.90000000000001
364,5.90000000000001
365,5.90000000000001
366,5.90000000000001
367,5.90000000000001
368,75
369,75
370,7
371,6.90000000000001
372,6.90000000000001
373,6.90000000000001
374,74.9
375,6.80000000000001
376,6.80000000000001
377,6.80000000000001
378,6.80000000000001
379,6.80000000000001
380,74.9
381,6
382,74
383,5.90000000000001
384,5.90000000000001
385,74
386,74
387,6.90000000000001
388,6
389,6
390,6.90000000000001
391,6.90000000000001
392,4.90000000000001
393,69
394,5
395,5
396,4.90000000000001
397,4.90000000000001
398,4.90000000000001
399,4.90000000000001
400,4.90000000000001
401,4.90000000000001
402,4.80000000000001
403,4.80000000000001
404,4.80000000000001
405,7.90000000000001
406,7.90000000000001
407,7.90000000000001
408,73.9
409,73.9
410,73.9
411,73.9
412,73.9
413,10
414,10
415,63
416,13
417,13
418,13
419,13
420,13
421,60
422,60
423,60
424,12.9
425,12.9
426,12.9
427,12.9
428,12.9
429,12.9
430,12.9
431,12.9
432,11.9
433,11.9
434,61
435,61
436,11
437,11
438,11
439,10.9
440,10.9
441,10
442,10
443,9.9
444,9.9
445,9.9
446,9.9
447,9.9
448,9.9
449,9.9
450,9.8
451,9.8
452,8.90000000000001
453,8.90000000000001
454,8.90000000000001
455,8.90000000000001
456,8.90000000000001
457,8.90000000000001
458,8.90000000000001
459,8.90000000000001
460,8.90000000000001
461,8.90000000000001
462,7
463,7
464,7
465,7
466,63
467,63
468,6.90000000000001
469,6.90000000000001
470,6.90000000000001
471,6.90000000000001
472,6.90000000000001
473,63
474,63
475,63
476,8
477,8
478,8
479,7.90000000000001
480,7.90000000000001
481,7.90000000000001
482,63
483,7
484,7
485,6
486,6
487,6
488,1
489,1
490,1
491,64
492,71
493,71
494,8
495,6
496,5
497,5
498,5
499,5
500,5
501,68
502,68
503,0.899999999999999
504,0.899999999999999
505,0.899999999999999
506,0.899999999999999
507,8
508,6
509,6
510,6
511,5
512,4.90000000000001
513,1.90000000000001
514,1.90000000000001
515,1.90000000000001
516,65.1
517,4.80000000000001
518,4.80000000000001
519,4.80000000000001
520,4.80000000000001
521,4.80000000000001
522,4.80000000000001
523,4.80000000000001
524,4.80000000000001
525,4.80000000000001
526,4.80000000000001
527,4.80000000000001
528,4.80000000000001
529,4.80000000000001
530,4.80000000000001
531,4.80000000000001
532,3.90000000000001
533,3.90000000000001
534,3.90000000000001
535,3.90000000000001
536,3.90000000000001
537,3.90000000000001
538,3.80000000000001
539,3.80000000000001
540,3.80000000000001
541,3.80000000000001
542,3.80000000000001
543,3.80000000000001
544,3.7
545,3.7
546,3.7
547,3.7
548,2.8
549,2.8
550,3.7
551,3.69000000000001
552,68.9
553,68.9
554,68.9
555,68.9
556,3.90000000000001
557,3.80000000000001
558,68.9
559,68.9
560,8.90000000000001
561,8.90000000000001
562,8.90000000000001
563,8.90000000000001
564,8.8
565,60.1
566,6.9
567,67
568,7
569,7
570,7
571,7
572,7
573,6.90000000000001
574,6.90000000000001
575,6.90000000000001
576,6.90000000000001
577,5.9
578,60.1
579,5.9
580,5.9
581,4.9
582,4.9
583,4.9
584,4.9
585,4.9
586,4.8
587,4.8
588,4.8
589,4.8
590,4.8
591,4.8
592,4.8
593,3.90000000000001
594,3.90000000000001
595,3.90000000000001
596,3.90000000000001
597,3.90000000000001
598,3.90000000000001
599,3.90000000000001
600,3.90000000000001
601,3.90000000000001
602,3.90000000000001
603,3
604,3.90000000000001
605,2.90000000000001
606,62
607,3
608,3
609,65
610,4
611,3.90000000000001
612,3.90000000000001
613,3.90000000000001
614,3.90000000000001
615,3
616,3
617,3.9
618,3.9
619,64
620,64
621,4.9
622,4.9
623,3.9
624,3
625,3
626,59
627,3
628,3
629,59
630,4.9
631,4.9
632,4.9
633,3.9
634,3.9
635,3.9
636,3.9
637,3.9
638,3.9
639,63
640,63
641,2.9
642,2.9
643,2.9
644,2.9
645,2.9
646,59.1
647,59.1
648,59.1
649,3.9
650,4.9
651,4.9
652,4.9
653,4.9
654,4
655,4
656,3
657,3
658,3
659,63
660,1.9
661,1.9
662,62
663,62
664,62
665,5
666,5
667,58
668,58
669,5
670,5
671,5
672,5
673,4
674,4
675,3.9
676,3.9
677,3.9
678,3.9
679,3.8
680,2.9
681,2.9
682,2.9
683,2.9
684,2.9
685,2.9
686,2.9
687,2
688,2
689,2
690,61
691,61
692,2
693,2
694,63
695,2.9
696,2.9
697,2.9
698,63
699,3
700,2.9
701,62.9
702,2.9
703,1.9
704,2.9
705,2.9
706,2.9
707,2.9
708,2.9
709,62.9
710,4
711,4
712,4
713,4
714,4
715,4
716,4
717,4
718,4
719,4
720,4
721,4
722,4
723,4
724,4
725,4
726,4
727,4
728,4
729,4
730,4
731,4
732,3.9
733,3.9
734,3.8
735,3.7
736,3.7
737,3.7
738,3.7
739,3.7
740,3.3
741,3.3
742,3.3
743,3.3
744,61.5
745,3.4
746,3.4
747,3.4
748,3.4
749,3.4
750,3.4
751,3.4
752,3.4
753,3.4
754,61.5
755,61.5
756,61.5
757,3.5
758,3.5
759,3.5
760,3.5
761,2.9
762,2.9
763,2.9
764,2.9
765,2.9
766,60.9
767,3.8
768,3.8
769,3.8
770,3.8
771,3.8
772,3.8
773,3.8
774,3.8
775,3.8
776,3.8
777,3.8
778,3.8
779,3.8
780,3.8
781,3.8
782,3.8
783,3.8
784,3.8
785,3.8
786,3.8
787,3.8
788,3.8
789,3.8
790,3.8
791,3.8
792,3.8
793,3.8
794,3.8
795,3.8
796,60.9
797,60.9
798,60.9
799,60.9
800,60.9
801,60.9
802,60.9
803,60.9
804,60.9
805,60.9
806,60.9
807,60.9
808,11
809,48
810,11.9
811,11.9
812,11.9
813,11.9
814,11.9
815,11.9
816,6.9
817,6.9
818,6.9
819,6.9
820,7
821,7
822,7
823,7
824,6
825,5
826,5
827,5
828,5
829,5
830,5
831,5
832,4.9
833,5
834,6
835,5
836,5
837,5
838,4.9
839,57
840,4.9
841,4
842,4
843,4
844,57
845,4
846,2
847,2
848,61
849,58
850,61
851,61
852,4
853,6
854,56
855,6
856,6
857,5.99
858,4
859,5
860,5
861,5
862,5
863,4.9
864,4
865,57
866,4
867,4
868,57
869,57
870,61
871,3
872,3
873,3
874,3
875,3
876,3
877,2.9
878,57.1
879,3.7
880,3.7
881,3.7
882,3.7
883,3.7
884,4.9
885,4.9
886,4.9
887,4.9
888,4.9
889,61.9
890,61.9
891,4.9
892,4.9
893,4.9
894,3.8
895,3.8
896,3.8
897,61.9
898,61.9
899,6
900,61
901,9
902,8
903,8
904,8
905,8
906,8
907,8
908,7
909,7
910,6.9
911,6.9
912,6.9
913,53
914,53
915,6.9
916,6.9
917,6.9
918,54
919,54
920,5.9
921,5.9
922,5.9
923,5.9
924,5.9
925,5.8
926,5.8
927,59.9
928,59.9
929,6.9
930,53
931,5
932,5
933,5.9
934,52.1
935,6.9
936,6.9
937,6.9
938,52.1
939,8
940,8.9
941,8.9
942,6.9
943,6.9
944,59
945,7
946,59
947,7
948,7
949,8
950,8
951,8
952,8
953,7.8
954,6.8
955,6.8
956,6.8
957,6.8
958,7.8
959,7.8
960,6.3
961,6.3
962,6.3
963,6.3
964,6.3
965,5.5
966,5.5
967,5.5
968,5.4
969,5
970,52
971,52
972,5.4
973,52.1
974,5.9
975,5.9
976,56
977,56
978,4
979,6.7
980,6.8
981,3.8
982,3.8
983,3.7
984,3.7
985,51.3
986,7.7
987,7.7
988,7
989,7
990,7
991,7
992,6.9
993,6.9
994,5.9
995,5.9
996,5.9
997,6.8
998,6.8
999,6.8
1000,6.8
1001,6.8
1002,6.8
1003,6.8
1004,6.8
1005,6.8
1006,6.8
1007,6.7
1008,6.7
1009,6.7
1010,6.7
1011,6.7
1012,6.69
1013,6.69
1014,6.79
1015,6
1016,6
1017,6
1018,6
1019,6
1020,59
1021,5.79
1022,5.79
1023,5.79
1024,5.79
1025,5
1026,5
1027,5
1028,5
1029,4.99
1030,2.99
1031,2.99
1032,2.99
1033,2.99
1034,2
1035,2
1036,2
1037,2
1038,2
1039,2
1040,2
1041,2
1042,57
1043,3.99
1044,3.99
1045,3.99
1046,4.7
1047,4.7
1048,4.69
1049,4.69
1050,4.69
1051,4.69
1052,4.69
1053,4.69
1054,56.99
1055,4.59
1056,4.59
1057,4.59
1058,56.99
1059,4.78
1060,4.78
1061,57
1062,4.3
1063,4.3
1064,56.5
1065,4.3
1066,4.3
1067,4.3
1068,4.3
1069,0.5
1070,0.5
1071,0.5
1072,4.1
1073,4.28
1074,4.28
1075,4.28
1076,4.28
1077,4.28
1078,4.28
1079,4.28
1080,3.79
1081,3.79
1082,3
1083,3
1084,3
1085,3
1086,3
1087,3
1088,3
1089,3
1090,56
1091,3.79
1092,2.79
1093,2.79
1094,2.79
1095,2.79
1096,2.79
1097,2.79
1098,55
1099,2.5
1100,54.5
1101,4.4
1102,4.5
1103,4.5
1104,4.49
1105,4.49
1106,4.49
1107,4.49
1108,3.49
1109,3.49
1110,3.49
1111,3.49
1112,4.48
1113,4.48
1114,4.48
1115,4.48
1116,4.48
1117,4.48
1118,4.48
1119,4.48
1120,3.99
1121,3.99
1122,3.99
1123,3.99
1124,3.99
1125,3.99
1126,3.98
1127,3.98
1128,3.98
1129,3.89
1130,3.89
1131,3.89
1132,3.89
1133,3.89
1134,3.89
1135,53.9
1136,53.9
1137,3.9
1138,3.89
1139,2.89
1140,2.89
1141,2.89
1142,2.89
1143,2.79
1144,2.79
1145,2.79
1146,2.79
1147,1.9
1148,1.9
1149,4
1150,3
1151,2.9
1152,2.9
1153,2.9
1154,2.8
1155,2.8
1156,52.9
1157,2.9
1158,2.8
1159,2.8
1160,2.8
1161,50.1
1162,2.9
1163,2.8
1164,1.8
1165,1.8
1166,1.8
1167,1.8
1168,1.8
1169,1.8
1170,1.8
1171,1.79
1172,1.79
1173,52.6
1174,2.6
1175,2.6
1176,52.6
1177,52.6
1178,22.5
1179,22.5
1180,22.5
1181,17.5
1182,17.5
1183,17
1184,17
1185,17
1186,17
1187,17
1188,16
1189,16
1190,16
1191,16
1192,16
1193,16
1194,15
1195,14
1196,14
1197,14
1198,14
1199,14
1200,14
1201,14
1202,14
1203,14
1204,36
1205,13.5
1206,13.5
1207,36
1208,36
1209,14
1210,13.4
1211,13.4
1212,12.4
1213,37
1214,3
1215,3
1216,2.9
1217,2.9
1218,2.9
1219,2.9
1220,2.9
1221,2.9
1222,2.9
1223,47
1224,3
1225,50
1226,12
1227,12
1228,10.9
1229,10.9
1230,10.9
1231,10.9
1232,10.9
1233,10.9
1234,9.9
1235,9.9
1236,9.9
1237,9.9
1238,9.9
1239,9.9
1240,9.8
1241,9.8
1242,9.8
1243,9.8
1244,9.8
1245,7.9
1246,7.9
1247,6.9
1248,6.9
1249,6.9
1250,6.9
1251,6.9
1252,6.9
1253,6.9
1254,6.9
1255,6.9
1256,6.9
1257,6.9
1258,4
1259,4
1260,4
1261,4
1262,4
1263,4
1264,4
1265,4.9
1266,4.9
1267,4.9
1268,2.9
1269,2.9
1270,2.9
1271,2.9
1272,2.9
1273,47.9
1274,47.9
1275,7.8
1276,5.9
1277,46
1278,6
1279,40
1280,7
1281,7
1282,6
1283,6
1284,7
1285,7
1286,7
1287,7
1288,7
1289,7
1290,7
1291,6
1292,8
1293,4.9
1294,4.9
1295,4.9
1296,42
1297,6
1298,6
1299,48
1300,48
1301,7
1302,7
1303,7
1304,7
1305,6
1306,6
1307,41
1308,6.9
1309,7.9
1310,7.9
1311,38
1312,10
1313,10
1314,9
1315,9
1316,9
1317,9
1318,9
1319,8
1320,7
1321,7
1322,7
1323,7
1324,7
1325,7
1326,6.9
1327,6.9
1328,5.9
1329,5.9
1330,5.9
1331,5.8
1332,5.8
1333,5.8
1334,45.9
1335,45.9
1336,5.9
1337,5.9
1338,5.9
1339,5.9
1340,6.9
1341,6
1342,6
1343,6
1344,45
1345,7
1346,7
1347,7
1348,7
1349,7
1350,38
1351,38
1352,38
1353,5.9
1354,5.9
1355,5.9
1356,5.9
1357,5.9
1358,5.8
1359,5.8
1360,5.8
1361,44.8
1362,6
1363,43
1364,43
1365,43
1366,43
1367,9
1368,9
1369,9
1370,9
1371,9
1372,8
1373,8
1374,7.9
1375,7.9
1376,7.9
1377,7.9
1378,7.9
1379,7.9
1380,7.9
1381,7
1382,7
1383,7
1384,7
1385,7
1386,7
1387,7
1388,7
1389,7
1390,7
1391,7
1392,7
1393,6
1394,6
1395,5.99
1396,5.99
1397,5.99
1398,41
1399,5.5
1400,5.4
1401,5.4
1402,40.9
1403,40.9
1404,40.9
1405,40.9
1406,40.9
1407,7
1408,7
1409,7
1410,7
1411,33
1412,33
1413,33
1414,6
1415,5.5
1416,5.5
1417,5.5
1418,38.5
1419,8.5
1420,8.5
1421,8.5
1422,18.5
1423,18
1424,18
1425,18
1426,18
1427,13
1428,13
1429,13
1430,13
1431,8
1432,8
1433,7.9
1434,7.9
1435,7.9
1436,7.9
1437,7.9
1438,7.9
1439,7.9
1440,7.8
1441,7.8
1442,7.8
1443,7.8
1444,5.9
1445,5.9
1446,5.9
1447,37.9
1448,37.9
1449,7.8
1450,7.8
1451,7.8
1452,7.8
1453,7.8
1454,7.8
1455,7.8
1456,7.8
1457,7.8
1458,26
1459,8
1460,8
1461,8
1462,7
1463,7
1464,7
1465,7
1466,7
1467,7
1468,7
1469,6
1470,5.8
1471,5.8
1472,5
1473,5
1474,5
1475,5
1476,5
1477,5
1478,5
1479,31
1480,31
1481,3.9
1482,3.9
1483,6
1484,5
1485,5
1486,5
1487,5
1488,5
1489,5
1490,5
1491,5
1492,5
1493,5
1494,4.9
1495,4.9
1496,4.8
1497,4.8
1498,4.8
1499,4.8
1500,4.8
1501,3.9
1502,3.9
1503,3.9
1504,3.9
1505,3.9
1506,3.9
1507,4.9
1508,31.1
1509,31.1
1510,37
1511,5
1512,5
1513,5
1514,4
1515,4
1516,4
1517,4
1518,4
1519,4
1520,4
1521,4
1522,4
1523,4
1524,4
1525,4
1526,4
1527,4
1528,4
1529,3.9
1530,3.9
1531,3.9
1532,8
1533,8
1534,6.8
1535,6.8
1536,6.8
1537,6
1538,6
1539,6
1540,6
1541,6
1542,6
1543,6
1544,5.9
1545,5.9
1546,5.9
1547,5.9
1548,5.9
1549,5.7
1550,5.7
1551,5.7
1552,5.7
1553,5.6
1554,4.7
1555,4.7
1556,4.7
1557,4.7
1558,4.7
1559,4.7
1560,4.7
1561,4.3
1562,4.3
1563,4.2
1564,34.5
1565,34.5
1566,34.5
1567,4.5
1568,4.5
1569,4.5
1570,4.5
1571,4.5
1572,4.5
1573,4.5
1574,4.4
1575,34.5
1576,5.5
1577,5.5
1578,5
1579,5
1580,5
1581,5
1582,5
1583,35
1584,5
1585,5
1586,5
1587,4
1588,39
1589,4
1590,4
1591,4
1592,4
1593,4
1594,4
1595,3.9
1596,3.9
1597,3.9
1598,3.8
1599,3.8
1600,3.8
1601,3.9
1602,3.9
1603,3.9
1604,3.9
1605,3.89
1606,3.89
1607,3.89
1608,3.89
1609,3.7
1610,3.7
1611,3.7
1612,3.7
1613,3.7
1614,3.7
1615,3.7
1616,3.6
1617,3.6
1618,3.6
1619,3.7
1620,3.7
1621,3.7
1622,3
1623,3
1624,3
1625,2.9
1626,2.7
1627,2.7
1628,2.7
1629,2.7
1630,2.7
1631,2.9
1632,2.9
1633,2.9
1634,2.9
1635,2
1636,2
1637,2
1638,37
1639,37
1640,37
1641,3
1642,3
1643,3
1644,3
1645,3
1646,3
1647,3
1648,3
1649,3
1650,3
1651,3
1652,3
1653,3
1654,3
1655,37
1656,37
1657,3
1658,3
1659,2.9
1660,2.9
1661,2.9
1662,2.9
1663,2.8
1664,2.8
1665,2.8
1666,2.8
1667,1.9
1668,1.9
1669,36
1670,36
1671,2
1672,2
1673,2
1674,0.799999999999997
1675,0.799999999999997
1676,0.799999999999997
1677,0.799999999999997
1678,1
1679,1
1680,1
1681,1
1682,1
1683,1
1684,1
1685,1
1686,1
1687,1
1688,1
1689,1
1690,1
1691,2
1692,2
1693,35
1694,2.8
1695,2.8
1696,2.8
1697,2.8
1698,2.8
1699,2.8
1700,35
1701,35
1702,4
1703,4
1704,4
1705,4
1706,4
1707,4
1708,4
1709,4
1710,3
1711,3
1712,3
1713,3
1714,3
1715,3
1716,3
1717,3
1718,3
1719,2
1720,2
1721,2
1722,2
1723,32
1724,32
1725,3
1726,3
1727,2.9
1728,2.9
1729,2.9
1730,2.9
1731,32
1732,32
1733,32
1734,32
1735,32
1736,32
1737,32
1738,32
1739,35
1740,35
1741,35
1742,5
1743,5
1744,5
1745,5
1746,5
1747,5
1748,5
1749,4
1750,30
1751,4.9
1752,4.9
1753,4.9
1754,4.89
1755,4
1756,4
1757,4
1758,4
1759,4
1760,4
1761,4
1762,4
1763,4
1764,4
1765,4
1766,4
1767,4
1768,3
1769,3
1770,3
1771,3
1772,3
1773,2.9
1774,2.9
1775,2.9
1776,31
1777,31
1778,3
1779,3
1780,3
1781,3
1782,3.89
1783,2.9
1784,2.9
1785,2.9
1786,3.9
1787,3.9
1788,31
1789,31
1790,11
1791,11
1792,11
1793,11
1794,11
1795,11
1796,10
1797,10
1798,10
1799,9
1800,9
1801,8.9
1802,8.9
1803,8.9
1804,8.9
1805,8
1806,8
1807,8
1808,8
1809,7
1810,7
1811,7
1812,7
1813,6
1814,6
1815,6
1816,6
1817,6
1818,39
1819,39
1820,39
1821,5
1822,5
1823,5
1824,5
1825,5
1826,5
1827,5
1828,4.5
1829,4.5
1830,4.5
1831,4.5
1832,4.5
1833,4.5
1834,4.5
1835,4.5
1836,4.5
1837,4.5
1838,4.5
1839,4.5
1840,4.5
1841,4.5
1842,4
1843,4
1844,4
1845,4
1846,3.5
1847,3.5
1848,3.5
1849,3.5
1850,3.5
1851,3.4
1852,2
1853,2
1854,2
1855,2
1856,2
1857,2
1858,2
1859,2
1860,2
1861,2
1862,2
1863,2
1864,2
1865,2
1866,2
1867,2
1868,2
1869,2
1870,2
1871,1.9
1872,1.9
1873,1.9
1874,1.9
1875,1.9
1876,1.9
1877,1.9
1878,1.9
1879,1.9
1880,1.9
1881,1.9
1882,1.9
1883,1.9
1884,1.9
1885,1.9
1886,1.9
1887,1.9
1888,1.9
1889,1.9
1890,1.9
1891,2
1892,1.9
1893,1.9
1894,1.9
1895,1.9
1896,1.9
1897,1.9
1898,1.9
1899,1.9
1900,1.9
1901,1.8
1902,1.8
1903,1.8
1904,1.8
1905,1.8
1906,1.8
1907,1.8
1908,1.8
1909,1
1910,1
1911,1
1912,1
1913,1
1914,1
1915,1
1916,1
1917,1
1918,1
1919,1
1920,1
1921,1
1922,1
1923,1
1924,1
1925,1
1926,1
1927,1
1928,0.899999999999999
1929,0.899999999999999
1930,0.899999999999999
1931,0.899999999999999
1932,0.899999999999999
1933,0.899999999999999
1934,0.899999999999999
1935,0.899999999999999
1936,0.899999999999999
1937,0.899999999999999
1938,0.899999999999999
1939,0.899999999999999
1940,0.899999999999999
1941,0.899999999999999
1942,0.899999999999999
1943,0.899999999999999
1944,0.899999999999999
1945,0.899999999999999
1946,0.899999999999999
1947,0.899999999999999
1948,0.899999999999999
1949,0.899999999999999
1950,0.899999999999999
1951,0.899999999999999
1952,0.899999999999999
1953,0.899999999999999
1954,0.899999999999999
1955,34.9
1956,34.9
1957,0.899999999999999
1958,0.899999999999999
1959,34
1960,1
1961,1
1962,34
1963,37.4
1964,4.4
1965,4.4
1966,4
1967,4
1968,3.8
1969,3.8
1970,3.8
1971,3.8
1972,3.8
1973,3.8
1974,3.8
1975,3.8
1976,3.8
1977,3.8
1978,3.5
1979,3.5
1980,3
1981,3
1982,3
1983,2.5
1984,2.5
1985,2.5
1986,2
1987,2
1988,2
1989,2
1990,2
1991,2
1992,2
1993,2
1994,2
1995,2
1996,2
1997,2
1998,2
1999,2
2000,2
2001,2
2002,2
2003,2
2004,2
2005,2
2006,2
2007,36
2008,36
2009,2
2010,2
2011,2
2012,2
2013,37
2014,37
2015,3
2016,3
2017,34
2018,34
2019,3
2020,3
2021,3
2022,3
2023,3
2024,3
2025,3
2026,3
2027,3
2028,2.9
2029,2.9
2030,2.9
2031,2.9
2032,2.9
2033,2.9
2034,2.9
2035,2.9
2036,2.9
2037,2.9
2038,2.9
2039,2.9
2040,2.89
2041,2.89
2042,2.89
2043,2.89
2044,36.89
2045,36.89
2046,2
2047,2
2048,2
2049,1.5
2050,1.5
2051,1.5
2052,1.5
2053,36
2054,1.9
2055,1.9
2056,1.9
2057,1.9
2058,1.9
2059,1.9
2060,1.9
2061,1.9
2062,1.9
2063,1.9
2064,1.9
2065,1.9
2066,1.9
2067,1.89
2068,1.89
2069,1.89
2070,1.89
2071,1.89
2072,1.89
2073,1.89
2074,1.89
2075,1.89
2076,1.89
2077,1.89
2078,1.89
2079,1.89
2080,1.88
2081,1.89
2082,1.89
2083,1.89
2084,1.89
2085,1.89
2086,1.89
2087,1.89
2088,2
2089,2
2090,2
2091,2
2092,0.990000000000002
2093,0.990000000000002
2094,0.990000000000002
2095,0.990000000000002
2096,35
2097,35
2098,34
2099,34
2100,34
2101,34
2102,2
2103,2
2104,1.9
2105,1.9
2106,1.9
2107,1.9
2108,1.9
2109,1.9
2110,1.9
2111,1.9
2112,1.9
2113,34.1
2114,1.9
2115,1.9
2116,35.99
2117,2
2118,2
2119,2
2120,2
2121,34
2122,1.99
2123,34.1
2124,34.1
2125,1.9
2126,1.9
2127,1.9
2128,1.9
2129,1
2130,1
2131,1
2132,1
2133,35
2134,1
2135,1
2136,35
2137,35
2138,1
2139,1
2140,1
2141,36
2142,1.9
2143,2.8
2144,2.8
2145,2.9
2146,34.1
2147,2
2148,2
2149,2
2150,2
2151,2
2152,2
2153,2
2154,2
2155,35
2156,1.99
2157,1.99
2158,2.99
2159,2.99
2160,2.99
2161,2
2162,2
2163,1.89
2164,1.89
2165,1.89
2166,1.89
2167,35.01
2168,35.01
2169,2
2170,2
2171,2
2172,1.99
2173,1.99
2174,1.99
2175,35
2176,2
2177,2
2178,2
2179,1.99
2180,1.99
2181,0.990000000000002
2182,0.990000000000002
2183,0.990000000000002
2184,0.990000000000002
2185,0.990000000000002
2186,0.990000000000002
2187,35.01
2188,35.01
2189,35.01
2190,1.99
2191,35.01
2192,2.99
2193,2.99
2194,35.01
2195,5.99
2196,5.99
2197,4.99
2198,4.99
2199,4.5
2200,4.5
2201,4.5
2202,4.5
2203,2.5
2204,2.5
2205,2.5
2206,35.5
2207,4.49
2208,4.49
2209,4.49
2210,4
2211,3
2212,3
2213,3
2214,3
2215,2
2216,2
2217,2
2218,1
2219,1
2220,1
2221,1
2222,1
2223,1
2224,1
2225,1
2226,1
2227,1
2228,1
2229,2
2230,2
2231,2
2232,5.2
2233,5.2
2234,4.2
2235,4.2
2236,4.2
2237,4.2
2238,4.2
2239,4.2
2240,4.2
2241,4.2
2242,4.2
2243,4.2
2244,4.2
2245,4.2
2246,4.2
2247,4.19
2248,4.1
2249,4.1
2250,4.1
2251,4.1
2252,4.1
2253,4.1
2254,4.89
2255,4.89
2256,4.89
2257,4.89
2258,4.89
2259,4.88
2260,4.88
2261,4.88
2262,43
2263,43
2264,3.89
2265,3.89
2266,3.88
2267,3.88
2268,3.88
2269,3.88
2270,3.88
2271,3
2272,2.9
2273,2.9
2274,2.9
2275,2.9
2276,2.9
2277,2.9
2278,2.8
2279,2.8
2280,2.8
2281,2.8
2282,2.8
2283,2.8
2284,2.8
2285,2.8
2286,2.8
2287,2.9
2288,2.9
2289,1.9
2290,1.9
2291,1.9
2292,1.9
2293,1.9
2294,2.9
2295,2.5
2296,2.5
2297,2.5
2298,2.5
2299,2.5
2300,2.5
2301,2.5
2302,2.5
2303,2.5
2304,2.4
2305,2.4
2306,41.4
2307,41.4
2308,41.4
2309,41.4
2310,3.28
2311,3.28
2312,3.28
2313,3.28
2314,3.28
2315,3.28
2316,3.28
2317,3.28
2318,3.28
2319,3.28
2320,3.28
2321,3.27
2322,3.27
2323,3.16999999999999
2324,3.16999999999999
2325,3.16999999999999
2326,3.16999999999999
2327,3.16999999999999
2328,3.16999999999999
2329,3.16999999999999
2330,2.87
2331,2.87
2332,2.87
2333,2.87
2334,2.87
2335,2.8
2336,2.8
2337,2.8
2338,2.8
2339,2.8
2340,2.7
2341,2.7
2342,2.7
2343,2.7
2344,2.7
2345,2.7
2346,2.7
2347,2.7
2348,2.7
2349,2.7
2350,2.7
2351,2.7
2352,2.7
2353,2.7
2354,2.7
2355,2.59999999999999
2356,2.59999999999999
2357,2.3
2358,2.3
2359,2.3
2360,1.5
2361,1.5
2362,1.5
2363,1.5
2364,1.5
2365,1.5
2366,1.5
2367,1.5
2368,1.5
2369,1.5
2370,1.5
2371,1.5
2372,1.5
2373,1.5
2374,1.4
2375,1.4
2376,1.4
2377,1.4
2378,1.4
2379,1.4
2380,1.4
2381,1.4
2382,1.4
2383,0.899999999999999
2384,0.899999999999999
2385,0.899999999999999
2386,39
2387,39
2388,1
2389,1
2390,40
2391,40
2392,1.5
2393,1.5
2394,1.5
2395,1.5
2396,1.5
2397,1.5
2398,1.5
2399,1.5
2400,1.5
2401,1.5
2402,0.799999999999997
2403,0.799999999999997
2404,0.799999999999997
2405,0.799999999999997
2406,39.2
2407,39.2
2408,39.2
2409,39.2
2410,0.799999999999997
2411,0.799999999999997
2412,0.799999999999997
2413,0.799999999999997
2414,0.799999999999997
2415,0.799999999999997
2416,0.799999999999997
2417,0.799999999999997
2418,0.799999999999997
2419,0.799999999999997
2420,0.799999999999997
2421,0.799999999999997
2422,0.799999999999997
2423,0.799999999999997
2424,0.799999999999997
2425,0.799999999999997
2426,0.799999999999997
2427,0.799999999999997
2428,0.799999999999997
2429,0.799999999999997
2430,0.799999999999997
2431,0.799999999999997
2432,0.799999999999997
2433,0.799999999999997
2434,0.799999999999997
2435,0.799999999999997
2436,0.799999999999997
2437,0.799999999999997
2438,40
2439,40
2440,1.5
2441,1.5
2442,1.5
2443,1.5
2444,1.5
2445,1.5
2446,1.5
2447,1.5
2448,1.5
2449,1.5
2450,1.5
2451,1.5
2452,1.5
2453,1.5
2454,1.49
2455,1.49
2456,1.49
2457,1.49
2458,1.49
2459,1.49
2460,1.49
2461,1.49
2462,1.49
2463,1.49
2464,1.49
2465,1.49
2466,1.49
2467,1.49
2468,1.49
2469,1.49
2470,1.49
2471,1.49
2472,1.49
2473,1.49
2474,1.49
2475,38.5
2476,38.5
2477,1.5
2478,1.3
2479,1.3
2480,1.3
2481,1.3
2482,1.3
2483,38.5
2484,38.5
2485,38.5
2486,38.5
2487,38.5
2488,38.5
2489,38.5
2490,0.5
2491,0.5
2492,0.5
2493,0.5
2494,0.5
2495,0.5
2496,0.5
2497,0.5
2498,38.5
2499,1.3
2500,1.3
2501,1.3
2502,1.3
2503,1.3
2504,1.3
2505,1.3
2506,1.5
2507,1.5
2508,38.5
2509,2.4
2510,2.4
2511,2.4
2512,2.4
2513,2.4
2514,2.4
2515,2.4
2516,2.4
2517,2.3
2518,2.3
2519,2.3
2520,2.3
2521,2.3
2522,2.3
2523,2.3
2524,2.3
2525,2.3
2526,2.3
2527,2.3
2528,2.3
2529,2.3
2530,2.3
2531,2.3
2532,2.3
2533,2.2
2534,2.2
2535,2.2
2536,1.9
2537,1.9
2538,1.9
2539,1.9
2540,40.9
2541,40.9
2542,40.9
2543,1.3
2544,1.3
2545,1.3
2546,1.3
2547,38.7
2548,38.7
2549,1.9
2550,1.9
2551,1.9
2552,1.9
2553,1.9
2554,1.9
2555,1.9
2556,1.9
2557,40.9
2558,40.9
2559,40.9
2560,1.9
2561,1.9
2562,1.9
2563,1.9
2564,1.9
2565,1.9
2566,40
2567,40
2568,2
2569,2
2570,39
2571,39
2572,1.3
2573,1.3
2574,39
2575,39
2576,2
2577,2
2578,1.2
2579,1.2
2580,3
2581,39
2582,39
2583,39
2584,4
2585,4
2586,4
2587,4
2588,4
2589,4
2590,4
2591,3.5
2592,3.5
2593,39.5
2594,39.5
2595,3.5
2596,3.5
2597,3.5
2598,3.5
2599,3.5
2600,3.5
2601,3.5
2602,3.5
2603,3.5
2604,3.5
2605,3.5
2606,3.5
2607,3.3
2608,3.3
2609,3.3
2610,3.3
2611,3.3
2612,3.3
2613,3
2614,43
2615,43
2616,3.1
2617,3.05
2618,3.05
2619,3.05
2620,3.05
2621,3.05
2622,3.05
2623,3.05
2624,3.05
2625,3.05
2626,3.05
2627,3.05
2628,3.05
2629,2.9
2630,2.9
2631,2.9
2632,2.9
2633,2.9
2634,2.9
2635,3
2636,3
2637,3
2638,3
2639,3
2640,3
2641,3
2642,3
2643,3
2644,3
2645,2
2646,2
2647,2
2648,2
2649,1
2650,1
2651,1
2652,1
2653,1
2654,1
2655,0.899999999999999
2656,0.899999999999999
2657,0.899999999999999
2658,0.899999999999999
2659,0.899999999999999
2660,0.899999999999999
2661,0.899999999999999
2662,41.1
2663,41.1
2664,0.899999999999999
2665,0.899999999999999
2666,0.899999999999999
2667,0.899999999999999
2668,0.899999999999999
2669,0.899999999999999
2670,1
2671,1
2672,1
2673,1
2674,1
2675,1
2676,0.899999999999999
2677,0.899999999999999
2678,0.899999999999999
2679,0.899999999999999
2680,0.899999999999999
2681,0.899999999999999
2682,0.899999999999999
2683,0.899999999999999
2684,0.899999999999999
2685,0.899999999999999
2686,0.899999999999999
2687,0.899999999999999
2688,0.899999999999999
2689,0.899999999999999
2690,0.899999999999999
2691,0.899999999999999
2692,0.899999999999999
2693,0.899999999999999
2694,0.899999999999999
2695,0.899999999999999
2696,0.899999999999999
2697,0.899999999999999
2698,0.899999999999999
2699,0.899999999999999
2700,0.899999999999999
2701,41
2702,41
2703,41
2704,41
2705,2
2706,2
2707,41
2708,2
2709,2
2710,2
2711,2
2712,2
2713,2
2714,2
2715,1
2716,1
2717,1
2718,1
2719,1
2720,1
2721,1
2722,44
2723,44
2724,2
2725,2
2726,2
2727,2
2728,2
2729,2
2730,2
2731,1.99
2732,1.99
2733,1.99
2734,1.99
2735,1.99
2736,1.99
2737,1.9
2738,1.9
2739,44
2740,44
2741,44
2742,44
2743,1.99
2744,1.99
2745,1.99
2746,1.99
2747,1.49
2748,1.49
2749,0.890000000000001
2750,0.890000000000001
2751,0.890000000000001
2752,0.890000000000001
2753,1.49
2754,1.49
2755,1.49
2756,1.49
2757,1.49
2758,1.49
2759,1.49
2760,1.49
2761,1.49
2762,1.48
2763,1.48
2764,1.48
2765,1.48
2766,1.48
2767,1.48
2768,1.48
2769,1.48
2770,1.49
2771,1.49
2772,1.49
2773,1.49
2774,1.49
2775,1.49
2776,1.49
2777,1.49
2778,1.49
2779,1.49
2780,1.49
2781,1.49
2782,1.49
2783,1.49
2784,1.48
2785,1.48
2786,1.49
2787,1.49
2788,1.49
2789,1.49
2790,1.49
2791,1.48
2792,1.48
2793,1.48
2794,1.47
2795,1.47
2796,1.47
2797,1.47
2798,42.5
2799,0.5
2800,0.5
2801,0.5
2802,0.5
2803,42.5
2804,42.5
2805,1.5
2806,1.5
2807,1.5
2808,1.5
2809,1.5
2810,1.5
2811,1.5
2812,1.5
2813,1.5
2814,1.5
2815,1.5
2816,0.5
2817,0.5
2818,0.5
2819,0.5
2820,0.5
2821,43
2822,43
2823,0.5
2824,0.5
2825,0.5
2826,0.5
2827,0.5
2828,1.3
2829,1.3
2830,0.399999999999999
2831,0.399999999999999
2832,0.399999999999999
2833,0.399999999999999
2834,0.399999999999999
2835,0.399999999999999
2836,0.399999999999999
2837,0.399999999999999
2838,0.399999999999999
2839,0.399999999999999
2840,0.399999999999999
2841,0.399999999999999
2842,0.399999999999999
2843,0.399999999999999
2844,0.399999999999999
2845,0.399999999999999
2846,0.399999999999999
2847,43
2848,43
2849,1
2850,1
2851,1
2852,1
2853,1
2854,42
2855,42
2856,1.9
2857,1.9
2858,1.9
2859,1.9
2860,1.9
2861,1.9
2862,1.9
2863,1.9
2864,1.9
2865,1.9
2866,42
2867,42
2868,42
2869,2
2870,2
2871,2
2872,2
2873,2
2874,2
2875,2
2876,2
2877,2
2878,2
2879,2
2880,2
2881,2
2882,42
2883,42
2884,42
2885,42
2886,42
2887,1
2888,1
2889,1
2890,1
2891,1
2892,1
2893,1
2894,1
2895,1
2896,1
2897,1.9
2898,1.9
2899,1.4
2900,1.4
2901,1.4
2902,1.4
2903,1.4
2904,1.4
2905,1.4
2906,1.4
2907,1.4
2908,1.4
2909,1.4
2910,1.4
2911,1.4
2912,1.4
2913,1.4
2914,1.4
2915,1.4
2916,1.4
2917,0.899999999999999
2918,0.899999999999999
2919,0.899999999999999
2920,0.899999999999999
2921,0.899999999999999
2922,0.899999999999999
2923,0.899999999999999
2924,0.899999999999999
2925,0.899999999999999
2926,0.899999999999999
2927,0.899999999999999
2928,0.899999999999999
2929,0.899999999999999
2930,0.899999999999999
2931,0.899999999999999
2932,0.899999999999999
2933,0.899999999999999
2934,0.899999999999999
2935,0.899999999999999
2936,0.899999999999999
2937,0.899999999999999
2938,0.899999999999999
2939,1.4
2940,1.4
2941,1.4
2942,1.4
2943,1.4
2944,1.4
2945,1.4
2946,1.4
2947,1.4
2948,1.4
2949,0.899999999999999
2950,0.899999999999999
2951,0.899999999999999
2952,0.899999999999999
2953,0.899999999999999
2954,0.899999999999999
2955,0.899999999999999
2956,0.899999999999999
2957,0.899999999999999
2958,0.899999999999999
2959,0.899999999999999
2960,0.899999999999999
2961,0.899999999999999
2962,0.899999999999999
2963,0.899999999999999
2964,0.899999999999999
2965,0.899999999999999
2966,0.899999999999999
2967,0.899999999999999
2968,0.899999999999999
2969,43
2970,43
2971,43
2972,43
2973,0.799999999999997
2974,0.799999999999997
2975,0.799999999999997
2976,0.799999999999997
2977,0.799999999999997
2978,0.799999999999997
2979,0.799999999999997
2980,0.799999999999997
2981,0.799999999999997
2982,0.799999999999997
2983,0.799999999999997
2984,0.799999999999997
2985,0.799999999999997
2986,0.799999999999997
2987,0.799999999999997
2988,0.799999999999997
2989,0.799999999999997
2990,0.799999999999997
2991,0.799999999999997
2992,0.799999999999997
2993,0.799999999999997
2994,0.799999999999997
2995,0.799999999999997
2996,0.799999999999997
2997,0.799999999999997
2998,0.799999999999997
2999,43.8
3000,43.8
3001,43.8
3002,43.8
3003,0.799999999999997
3004,0.799999999999997
3005,0.799999999999997
3006,43.8
3007,43.8
3008,43.8
3009,43.8
3010,1.3
3011,1.3
3012,1.3
3013,1.3
3014,1.2
3015,1.2
3016,1.2
3017,1.2
3018,1.2
3019,1.2
3020,1.2
3021,1.2
3022,1.2
3023,1.2
3024,1.2
3025,1.2
3026,1.2
3027,1.2
3028,1.2
3029,1.2
3030,1.2
3031,1.2
3032,1.2
3033,1.2
3034,1.2
3035,1.2
3036,1.2
3037,1.2
3038,1.2
3039,1.2
3040,42.5
3041,42.5
3042,42.5
3043,42.5
3044,42.5
3045,42.5
3046,1.5
3047,1.5
3048,42.5
3049,42.5
3050,42.5
3051,3.5
3052,3.5
3053,3.5
3054,3.5
3055,3.5
3056,3.5
3057,3.5
3058,3.5
3059,3.5
3060,3.5
3061,3.5
3062,3.5
3063,3.5
3064,3.5
3065,3.3
3066,2.3
3067,2.3
3068,2.3
3069,2.3
3070,2
3071,2
3072,2
3073,2
3074,2
3075,2
3076,2
3077,2
3078,2
3079,2
3080,2
3081,2
3082,2
3083,2
3084,2
3085,2
3086,2
3087,1.8
3088,1.8
3089,45
3090,45
3091,45
3092,45
3093,45
3094,45
3095,43.01
3096,43.01
3097,43.01
3098,2.99
3099,2.99
3100,2.99
3101,2.99
3102,2.99
3103,2
3104,2
3105,2
3106,2
3107,2
3108,2
3109,2
3110,2
3111,2
3112,43.01
3113,43.01
3114,4.89
3115,4.89
3116,2.99
3117,2.99
3118,2.99
3119,2.99
3120,2.99
3121,2.99
3122,2.99
3123,2.99
3124,2.99
3125,4.89
3126,4.89
3127,43.01
3128,4.89
3129,4.89
3130,4
3131,4
3132,4
3133,4
3134,4
3135,4
3136,4
3137,4
3138,4
3139,3.5
3140,3
3141,3
3142,3
3143,3
3144,3
3145,3
3146,3
3147,44.5
3148,44.5
3149,3.5
3150,44.5
3151,44.5
3152,44.5
3153,44.5
3154,44.5
3155,44.5
3156,44.5
3157,5.5
3158,5.5
3159,5
3160,5
3161,5
3162,5
3163,5
3164,4
3165,4
3166,4
3167,49
3168,3.5
3169,45.5
3170,4.5
3171,4
3172,4
3173,4
3174,2.6
3175,2.6
3176,2.6
3177,4
3178,4
3179,4
3180,4
3181,4
3182,4
3183,4
3184,4
3185,4
3186,4
3187,2.8
3188,2.8
3189,2.8
3190,49.8
3191,3.8
3192,3.8
3193,46
3194,4
3195,46
3196,4
3197,4
3198,46
3199,3.5
3200,3.5
3201,3.5
3202,3.5
3203,3.5
3204,3.5
3205,46
3206,46
3207,384
3208,14
3209,14
3210,14
3211,14
3212,14
3213,14
3214,14
3215,14
3216,14
3217,14
3218,14
3219,14
3220,14
3221,14
3222,14
3223,14
3224,14
3225,14
3226,14
3227,14
3228,14
3229,10.5
3230,10.5
3231,10.5
3232,10.5
3233,10.5
3234,10.5
3235,10.5
3236,10.5
3237,10.5
3238,7.5
3239,7.5
3240,7.5
3241,7
3242,7
3243,7
3244,7
3245,7
3246,7
3247,7
3248,7
3249,7
3250,7
3251,7
3252,7
3253,7
3254,6
3255,6
3256,5
3257,5
3258,5
3259,5
3260,5
3261,5
3262,5
3263,5
3264,5
3265,4.9
3266,4.9
3267,4.9
3268,4.9
3269,4.9
3270,4.9
3271,4.9
3272,4.9
3273,4.9
3274,4.9
3275,4.9
3276,4.9
3277,4.8
3278,4.8
3279,3.9
3280,3.9
3281,3.9
3282,52
3283,52
3284,4
3285,4
3286,4
3287,4
3288,4
3289,4
3290,52
3291,5
3292,5
3293,5
3294,5
3295,4.99
3296,4.99
3297,4.99
3298,4.99
3299,4.99
3300,4.99
3301,4.99
3302,4.99
3303,4.5
3304,4.5
3305,4.5
3306,4.5
3307,4.5
3308,4.5
3309,4.5
3310,4.5
3311,4.5
3312,4.5
3313,4.5
3314,4.5
3315,4.5
3316,4.5
3317,4.5
3318,4.5
3319,4.5
3320,4
3321,7
3322,7
3323,7
3324,6.5
3325,6.5
3326,6.5
3327,6.5
3328,6.5
3329,6.5
3330,6.5
3331,6.5
3332,6.5
3333,6.5
3334,6.5
3335,6.5
3336,6.5
3337,6
3338,6
3339,6
3340,6
3341,6
3342,5
3343,5
3344,5
3345,5
3346,5
3347,5
3348,5
3349,5
3350,5
3351,5
3352,5
3353,5
3354,5
3355,4.5
3356,4.5
3357,4.5
3358,4
3359,4
3360,4
3361,4
3362,4
3363,4
3364,4
3365,4
3366,4
3367,4
3368,4
3369,55
3370,55
3371,55
3372,3
3373,3
3374,3
3375,3
3376,3
3377,3
3378,3
3379,3
3380,3
3381,3
3382,2.99
3383,2.99
3384,2.99
3385,2.99
3386,2.99
3387,2.99
3388,2.99
3389,2.99
3390,2.99
3391,2.99
3392,2.99
3393,2.99
3394,2.5
3395,2.5
3396,2.5
3397,2.5
3398,2.5
3399,55.5
3400,55.5
3401,55.5
3402,55.5
3403,14.5
3404,14.4
3405,14.4
3406,14
3407,14
3408,14
3409,14
3410,14
3411,14
3412,14
3413,14
3414,14
3415,14
3416,14
3417,14
3418,13
3419,13
3420,13
3421,70
3422,9
3423,9
3424,9
3425,9
3426,9
3427,9
3428,9
3429,8
3430,8
3431,8
3432,8
3433,8
3434,8
3435,8
3436,7
3437,7
3438,7
3439,7
3440,7
3441,7
3442,7
3443,58
3444,58
3445,58
3446,58
3447,58
3448,58
3449,58
3450,58
3451,58
3452,58
3453,11
3454,11
3455,11
3456,10
3457,10
3458,10
3459,10
3460,8
3461,8
3462,8
3463,8
3464,8
3465,8
3466,8
3467,8
3468,8
3469,8
3470,8
3471,8
3472,8
3473,8
3474,8
3475,8
3476,8
3477,8
3478,8
3479,8
3480,8
3481,8
3482,8
3483,7
3484,7
3485,7
3486,7
3487,7
3488,7
3489,6
3490,6
3491,6
3492,6
3493,4
3494,4
3495,4
3496,4
3497,4
3498,4
3499,3
3500,3
3501,3
3502,3
3503,3
3504,3
3505,3
3506,3
3507,3
3508,2
3509,2
3510,1
3511,1
3512,1
3513,1
3514,1
3515,1
3516,64
3517,64
3518,2
3519,2
3520,2
3521,2
3522,2
3523,2
3524,66
3525,66
3526,3
3527,3
3528,3
3529,3
3530,3
3531,3
3532,3
3533,3
3534,3
3535,3
3536,3
3537,3
3538,3
3539,3
3540,3
3541,66
3542,66
3543,66
3544,2.99
3545,2.99
3546,2.99
3547,1.99
3548,1.99
3549,1
3550,1
3551,1
3552,1
3553,1
3554,1
3555,1
3556,1
3557,1
3558,1
3559,1
3560,1
3561,1
3562,0.980000000000004
3563,65
3564,65
3565,1
3566,1
3567,1
3568,1
3569,1
3570,65
3571,65
3572,65
3573,63
3574,1.5
3575,1.5
3576,1.5
3577,1.5
3578,1.5
3579,9
3580,9
3581,9
3582,8
3583,65
3584,55
3585,55
3586,55
3587,55
3588,54.5
3589,54.5
3590,54.5
3591,54.5
3592,54.5
3593,64
3594,64
3595,64
3596,1
3597,1
3598,1
3599,15
3600,15
